utc_time,x_error_m,y_error_m,z_error_m,satclockerror_m,satellite_type,lag_satclockerror_m_1,lag_satclockerror_m_2,lag_satclockerror_m_3,lag_satclockerror_m_4,rolling_mean_satclockerror_m,rolling_std_satclockerror_m,hour,day_of_week
2025-09-01 14:00:00,-0.838447601,-0.667824946,0.676120792,1.428765496,GEO,-0.31827853,-0.419838532,-3.609894102,1.280427199,-0.7668959912500001,2.049054823540435,14,0
2025-09-01 16:02:00,3.265259974,3.22020632,-1.841377388,3.561049187,GEO,1.428765496,-0.31827853,-0.419838532,-3.609894102,-0.7298114170000001,2.0991881818369054,16,0
2025-09-01 18:01:00,1.619965438,1.796478879,-5.291095719,3.763953399,GEO,3.561049187,1.428765496,-0.31827853,-0.419838532,1.06292440525,1.8691151743806569,18,0
2025-09-01 20:01:00,0.384159472,0.298458889,-3.910451962,0.717759865,GEO,3.763953399,3.561049187,1.428765496,-0.31827853,2.108872388,1.9323317151238824,20,0
2025-09-01 22:01:00,-1.099594984,-0.967696972,-0.104338964,-0.856116843,GEO,0.717759865,3.763953399,3.561049187,1.428765496,2.36788198675,1.525068977209605,22,0
2025-09-02 00:01:00,-3.10976512,-2.492300574,2.454867034,0.895619206,GEO,-0.856116843,0.717759865,3.763953399,3.561049187,1.7966614020000002,2.2497824339999113,0,1
2025-09-02 02:01:00,-0.85310689,-0.386050213,1.874654543,-0.538655786,GEO,0.895619206,-0.856116843,0.717759865,3.763953399,1.13030390675,1.9241661863619075,2,1
2025-09-02 04:01:00,1.32171309,1.249636855,-0.775793605,1.170346526,GEO,-0.538655786,0.895619206,-0.856116843,0.717759865,0.054651610500000114,0.880994115852367,4,1
2025-09-02 06:01:00,3.483760633,3.448647413,-0.987210925,1.868355195,GEO,1.170346526,-0.538655786,0.895619206,-0.856116843,0.16779827575000014,1.0136248175660154,6,1
2025-09-02 08:01:00,0.273076005,0.15247659,-0.071825116,-4.104998649,GEO,1.868355195,1.170346526,-0.538655786,0.895619206,0.8489162852500001,1.011617600034794,8,1
2025-09-02 10:01:00,-0.310550153,-0.250788011,-0.01282819,-0.948724472,GEO,-4.104998649,1.868355195,1.170346526,-0.538655786,-0.4012381784999999,2.6681865118555006,10,1
2025-09-02 12:01:00,-0.039906677,-0.147916846,0.149786265,0.375253997,GEO,-0.948724472,-4.104998649,1.868355195,1.170346526,-0.5037553499999998,2.683062699419749,12,1
2025-09-02 14:01:00,4.817265898,5.197030567,9.659201975,0.861621962,GEO,0.375253997,-0.948724472,-4.104998649,1.868355195,-0.70252848225,2.5435194551068747,14,1
2025-09-02 16:01:00,-0.691231996,-0.752820715,-1.361456705,3.273109174,GEO,0.861621962,0.375253997,-0.948724472,-4.104998649,-0.9542117904999998,2.235487973218364,16,1
2025-09-02 18:01:00,1.168112252,1.07293383,-3.993206457,3.196809865,GEO,3.273109174,0.861621962,0.375253997,-0.948724472,0.8903151652500001,1.7631303017137174,18,1
2025-09-02 20:01:00,-0.451491643,-0.500114165,-1.572240522,0.641460586,GEO,3.196809865,3.273109174,0.861621962,0.375253997,1.9266987495000003,1.5239611390769383,20,1
2025-09-02 22:01:00,0.801459923,0.825610504,2.145238337,-1.596643487,GEO,0.641460586,3.196809865,3.273109174,0.861621962,1.9932503967500002,1.4369542430780864,22,1
2025-09-03 00:01:00,1.28482075,1.633254424,3.061740684,-1.10153897,GEO,-1.596643487,0.641460586,3.196809865,3.273109174,1.3786840345000002,2.3302718309183357,0,2
2025-09-03 02:01:00,1.600453828,1.689039234,1.602150845,-1.346745188,GEO,-1.10153897,-1.596643487,0.641460586,3.196809865,0.28502199850000015,2.1655463794652556,2,2
2025-09-03 04:01:00,0.685081728,1.425023131,-0.109538527,2.494324935,GEO,-1.346745188,-1.10153897,-1.596643487,0.641460586,-0.8508667647499999,1.015210291249433,4,2
2025-09-03 06:01:00,2.282976411,2.453653768,-1.804687164,3.226115057,GEO,2.494324935,-1.346745188,-1.10153897,-1.596643487,-0.38765067749999993,1.9319201000306454,6,2
2025-09-03 07:50:00,1.802047715,1.723018248,0.127941333,-5.684223234,GEO,3.226115057,2.494324935,-1.346745188,-1.10153897,0.8180389585000001,2.3790638912325455,7,2
2025-09-03 08:11:00,-0.169225954,-1.436892197,-0.472263408,-0.877388407,GEO,-5.684223234,3.226115057,2.494324935,-1.346745188,-0.3276321074999997,4.095697760099488,8,2
2025-09-03 08:25:00,-1.10003984,-0.815805573,0.457262781,0.183785608,GEO,-0.877388407,-5.684223234,3.226115057,2.494324935,-0.2102929122499997,4.063364246421018,8,2
2025-09-03 08:40:00,0.08827807,-0.103566945,0.427094062,-0.266106398,GEO,0.183785608,-0.877388407,-5.684223234,3.226115057,-0.7879277439999997,3.698579870812298,8,2
2025-09-03 08:55:00,-0.213135459,-0.353847157,-0.467816517,0.027285101,GEO,-0.266106398,0.183785608,-0.877388407,-5.684223234,-1.6609831077499995,2.717188155583175,8,2
2025-09-03 09:11:00,0.139093529,0.021653887,-2.238380639,-0.002157456,GEO,0.027285101,-0.266106398,0.183785608,-0.877388407,-0.23310602399999972,0.46825597861949025,9,2
2025-09-03 09:25:00,-2.12765542,-1.471064188,3.538109067,0.013097063,GEO,-0.002157456,0.027285101,-0.266106398,0.183785608,-0.014298286249999731,0.18665577244283127,9,2
2025-09-03 09:51:00,-1.782917004,-1.794622999,-3.472769056,0.059465753,GEO,0.013097063,-0.002157456,0.027285101,-0.266106398,-0.05697042249999973,0.13994137261655937,9,2
2025-09-03 09:55:00,0.189113814,0.404830419,0.433967886,-0.031616173,GEO,0.059465753,0.013097063,-0.002157456,0.027285101,0.02442261525000028,0.02627409148101676,9,2
2025-09-03 10:10:00,-2.414123408,-1.709124576,-0.042287993,0.152698809,GEO,-0.031616173,0.059465753,0.013097063,-0.002157456,0.009697296750000278,0.03801664369550155,10,2
2025-09-03 10:25:00,-1.139717549,-0.784878902,-0.788910913,0.152698809,GEO,0.152698809,-0.031616173,0.059465753,0.013097063,0.048411363000000276,0.0788449474902013,10,2
2025-09-03 10:40:00,-0.989945177,-0.879231654,0.064290363,-0.049076535,GEO,0.152698809,0.152698809,-0.031616173,0.059465753,0.08331179950000028,0.0883292835009027,10,2
2025-09-03 10:55:00,-0.033485472,0.087050788,0.058601988,0.078534921,GEO,-0.049076535,0.152698809,0.152698809,-0.031616173,0.05617622750000027,0.11168238756742796,10,2
2025-09-03 11:10:00,6.714422453,5.886779267,10.81891421,-1.103716873,GEO,0.078534921,-0.049076535,0.152698809,0.152698809,0.08371400100000029,0.09518045455941196,11,2
2025-09-03 11:25:00,-2.092337634,-1.452630259,-0.883779709,0.230126956,GEO,-1.103716873,0.078534921,-0.049076535,0.152698809,-0.2303899194999997,0.5881513529951665,11,2
2025-09-03 11:40:00,0.597511485,0.454625659,0.574959028,-0.017989736,GEO,0.230126956,-1.103716873,0.078534921,-0.049076535,-0.21103288274999973,0.6059664680821064,11,2
2025-09-03 11:56:00,0.258106098,0.527340513,0.959097091,0.26941233,GEO,-0.017989736,0.230126956,-1.103716873,0.078534921,-0.2032611829999997,0.6089280970093579,11,2
2025-09-03 12:10:00,-1.156102259,-1.003954992,-0.574481407,-0.033794614,GEO,0.26941233,-0.017989736,0.230126956,-1.103716873,-0.15554183074999972,0.6447953011945879,12,2
2025-09-03 12:25:00,0.97350508,0.731687136,-0.465981476,0.105807101,GEO,-0.033794614,0.26941233,-0.017989736,0.230126956,0.11193873400000028,0.16008956377865924,12,2
2025-09-03 12:40:00,-1.174213734,-0.842248604,0.419547307,0.105807101,GEO,0.105807101,-0.033794614,0.26941233,-0.017989736,0.08085877025000028,0.1403463451720355,12,2
2025-09-03 12:55:00,0.458125912,0.310934536,-0.154250738,0.151609723,GEO,0.105807101,0.105807101,-0.033794614,0.26941233,0.11180797950000027,0.12397750819671327,12,2
2025-09-03 13:10:00,-5.621142864,-5.192379687,-0.562139402,0.5088074,GEO,0.151609723,0.105807101,0.105807101,-0.033794614,0.08235732775000028,0.08038853888275412,13,2
2025-09-03 13:25:00,-0.018692568,-0.143080782,-0.010322493,0.074720332,GEO,0.5088074,0.151609723,0.105807101,0.105807101,0.21800783125000028,0.19506503676264214,13,2
2025-09-03 13:40:00,0.356143791,0.122856393,0.435671116,-0.173946749,GEO,0.074720332,0.5088074,0.151609723,0.105807101,0.21023613900000027,0.20153726907001876,13,2
2025-09-03 14:00:00,-1.545576122,-1.451378983,-1.057287716,0.19088907,GEO,-0.173946749,0.074720332,0.5088074,0.151609723,0.14029767650000027,0.28223945258093824,14,2
2025-09-03 16:00:00,-2.977734089,-2.661322154,-1.432459529,3.340671961,GEO,0.19088907,-0.173946749,0.074720332,0.5088074,0.15011751325000028,0.28344495979797685,16,2
2025-09-03 18:00:00,-1.244536225,-1.172715083,-4.453501031,3.437755761,GEO,3.340671961,0.19088907,-0.173946749,0.074720332,0.8580836535000003,1.662040729739926,18,2
2025-09-03 20:00:00,1.97375378,1.644614056,-1.794176658,0.184397754,GEO,3.437755761,3.340671961,0.19088907,-0.173946749,1.6988425107500003,1.9579484523779773,20,2
2025-09-03 22:00:00,1.833995398,1.929840274,2.350237415,-1.249661387,GEO,0.184397754,3.437755761,3.340671961,0.19088907,1.7884286365000002,1.8488543335998633,22,2
2025-09-04 00:00:00,2.64533034,2.943842776,3.965113758,-2.400472567,GEO,-1.249661387,0.184397754,3.437755761,3.340671961,1.4282910222500003,2.339077379379847,0,3
2025-09-04 02:00:00,-0.722049899,-0.053910244,2.828218274,-0.441571956,GEO,-2.400472567,-1.249661387,0.184397754,3.437755761,-0.006995109749999839,2.5282334810960805,2,3
2025-09-04 04:00:00,-0.856261648,1.092148282,0.171570717,3.154291919,GEO,-0.441571956,-2.400472567,-1.249661387,0.184397754,-0.9768270389999998,1.1159668744483753,4,3
2025-09-04 06:00:00,0.287703101,0.527688224,-2.334320748,2.697229117,GEO,3.154291919,-0.441571956,-2.400472567,-1.249661387,-0.23435349774999992,2.397830907441284,6,3
2025-09-04 08:00:00,0.008221291,-0.042935118,0.009639807,-5.230549136,GEO,2.697229117,3.154291919,-0.441571956,-2.400472567,0.75236912825,2.640556730220093,8,3
2025-09-04 10:00:00,10.02647229,8.540781338,1.275702608,-5.408408447,GEO,-5.230549136,2.697229117,3.154291919,-0.441571956,0.04484998600000023,3.863081084286674,10,3
2025-09-04 12:00:00,-0.832425859,-0.529566556,3.136938728,1.589151733,GEO,-5.408408447,-5.230549136,2.697229117,3.154291919,-1.1968591367499999,4.764600068584448,12,3
2025-09-04 14:00:00,-4.049717102,-3.776607096,0.273805877,2.53258253,GEO,1.589151733,-5.408408447,-5.230549136,2.697229117,-1.5881441832499998,4.332865354728422,14,3
2025-09-04 16:00:00,-3.317581486,-2.779847827,-2.080443762,3.437755761,GEO,2.53258253,1.589151733,-5.408408447,-5.230549136,-1.6293058299999998,4.279032357311695,16,3
2025-09-04 18:00:00,0.543888971,0.494111735,-4.937305795,3.60687852,GEO,3.437755761,2.53258253,1.589151733,-5.408408447,0.5377703942500002,4.035328822450555,18,3
2025-09-04 20:00:00,3.936180905,3.607647866,-1.9515022,-0.171105016,GEO,3.60687852,3.437755761,2.53258253,1.589151733,2.7915921360000002,0.9300839060672582,20,3
2025-09-04 22:00:00,1.099103592,1.129962713,2.910649365,-2.828014326,GEO,-0.171105016,3.60687852,3.437755761,2.53258253,2.3515279487500003,1.746639988957664,22,3
2025-09-05 00:00:00,0.379871171,0.624769423,2.785508084,-1.427520728,GEO,-2.828014326,-0.171105016,3.60687852,3.437755761,1.0113787347500005,3.096402832560691,0,4
2025-09-05 02:00:00,3.726228692,3.891447306,2.653838237,-0.061024344,GEO,-1.427520728,-2.828014326,-0.171105016,3.60687852,-0.2049403874999996,2.763230464013334,2,4
2025-09-05 04:00:00,0.088359974,-0.056281067,-0.062324861,1.12356823,GEO,-0.061024344,-1.427520728,-2.828014326,-0.171105016,-1.1219161034999996,1.2953375854478237,4,4
2025-09-05 06:00:00,-4.694847863,-4.042989593,0.436600814,1.465858277,GEO,1.12356823,-0.061024344,-1.427520728,-2.828014326,-0.7982477919999995,1.70809951361402,6,4
2025-09-05 08:00:00,-0.190358367,-0.105879877,0.009774428,-4.325375905,GEO,1.465858277,1.12356823,-0.061024344,-1.427520728,0.2752203587500004,1.3101781649408224,8,4
2025-09-05 10:00:00,0.060726993,-0.048400804,-0.007805559,-2.650154986,GEO,-4.325375905,1.465858277,1.12356823,-0.061024344,-0.44924343549999946,2.6656123804528526,10,4
2025-09-05 12:00:00,0.921389066,1.016061652,3.545793064,1.305687891,GEO,-2.650154986,-4.325375905,1.465858277,1.12356823,-1.0965260959999994,2.848032438266459,12,4
2025-09-05 14:00:00,-2.239841014,-1.996976636,1.552120149,2.248902837,GEO,1.305687891,-2.650154986,-4.325375905,1.465858277,-1.0509961807499995,2.8963993531351027,14,4
2025-09-05 16:00:00,-0.57610292,-0.402849182,-1.351126709,3.539315793,GEO,2.248902837,1.305687891,-2.650154986,-4.325375905,-0.8552350407499993,3.13947315689747,16,4
2025-09-05 18:00:00,3.445733432,3.099001653,-4.695303034,2.764791874,GEO,3.539315793,2.248902837,1.305687891,-2.650154986,1.1109378837500006,2.6693151834110824,18,4
2025-09-05 20:00:00,3.034154851,2.862683993,-2.96770321,-3.944828262,GEO,2.764791874,3.539315793,2.248902837,1.305687891,2.4646745987500007,0.9371466831456002,20,4
2025-09-05 22:00:00,-0.984422423,-0.855737045,0.250258381,3.314462305,GEO,-3.944828262,2.764791874,3.539315793,2.248902837,1.1520455605000008,3.4390516368220463,22,4
2025-09-06 00:00:00,-0.789052434,0.115149252,8.13076666,0.979490283,GEO,3.314462305,-3.944828262,2.764791874,3.539315793,1.4184354275000004,3.5902796794078617,0,5
2025-09-06 02:00:00,-1.538584944,-0.455759063,4.866609334,-0.699990956,GEO,0.979490283,3.314462305,-3.944828262,2.764791874,0.7784790500000005,3.302861748232487,2,5
2025-09-06 04:00:00,4.840288095,4.753468998,-1.527394264,0.556424695,GEO,-0.699990956,0.979490283,3.314462305,-3.944828262,-0.08771665749999957,3.0531918868020274,4,5
2025-09-06 06:00:00,0.826502983,0.811282951,-0.75307072,0.522427481,GEO,0.556424695,-0.699990956,0.979490283,3.314462305,1.0375965817500004,1.6771235990635687,6,5
2025-09-06 08:00:00,-0.142223269,-0.167870373,0.006232766,-3.179040926,GEO,0.522427481,0.556424695,-0.699990956,0.979490283,0.33958787575000043,0.7235670357466224,8,5
2025-09-06 10:00:00,0.052855279,-0.113580305,0.019438772,-3.428939225,GEO,-3.179040926,0.522427481,0.556424695,-0.699990956,-0.7000449264999995,1.7529571077944284,10,5
2025-09-06 12:00:00,-4.939801153,-14.94428306,-4.85693767,-4.634100439,GEO,-3.428939225,-3.179040926,0.522427481,0.556424695,-1.3822819937499995,2.2213847251248864,12,5
2025-09-06 14:00:00,3.912175391,15.24969823,12.69978229,7.477469745,GEO,-4.634100439,-3.428939225,-3.179040926,0.522427481,-2.67991327725,2.2274052224690526,14,5
2025-09-06 16:00:00,2.890248884,2.821442712,-0.050691614,2.379983881,GEO,7.477469745,-4.634100439,-3.428939225,-3.179040926,-0.9411527112499996,5.648253192521383,16,5
2025-09-06 18:00:00,1.23002591,1.303032275,-4.181735093,3.458540252,GEO,2.379983881,7.477469745,-4.634100439,-3.428939225,0.44860349050000026,5.597749779507793,18,5
2025-09-06 20:00:00,1.496998135,1.386959512,-5.309914549,-0.179841568,GEO,3.458540252,2.379983881,7.477469745,-4.634100439,2.1704733597500003,5.03883075700162,20,5
2025-09-07 02:00:00,-4.786348879,-3.872190963,2.386659707,1.04705307,GEO,-0.179841568,3.458540252,2.379983881,7.477469745,3.2840380775000004,3.184917390221996,2,6
2025-09-07 04:00:00,0.251952078,0.130748905,-0.092281784,0.903190974,GEO,1.04705307,-0.179841568,3.458540252,2.379983881,1.6764339087500004,1.5824837511407972,4,6
2025-09-07 06:00:00,8.244541313,5.546242166,-7.73528154,-0.357700909,GEO,0.903190974,1.04705307,-0.179841568,3.458540252,1.3072356820000006,1.535193496818386,6,6
2025-09-07 08:00:00,0.045626942,0.065158226,0.030005701,-3.217298521,GEO,-0.357700909,0.903190974,1.04705307,-0.179841568,0.35317539175000057,0.7242088942288614,8,6
2025-09-07 10:00:00,-0.250018228,0.031814422,0.038685842,-3.9195676,GEO,-3.217298521,-0.357700909,0.903190974,1.04705307,-0.4061888464999994,1.9774627062944186,10,6
2025-09-07 12:00:00,-1.81204012,-10.85988946,13.82902918,-2.844322616,GEO,-3.9195676,-3.217298521,-0.357700909,0.903190974,-1.6478440139999995,2.2946433449892654,12,6
2025-09-07 12:04:00,12.88945268,20.07414323,2.527495245,3.538031991,GEO,-2.844322616,-3.9195676,-3.217298521,-0.357700909,-2.5847224114999996,1.550159266048238,12,6
2025-09-07 12:24:00,-0.145956833,-2.594967455,1.253152081,-0.155402697,GEO,3.538031991,-2.844322616,-3.9195676,-3.217298521,-1.6107891864999995,3.4613722829751494,12,6
2025-09-07 12:40:00,1.363465618,2.323123861,1.107356786,0.307032086,GEO,-0.155402697,3.538031991,-2.844322616,-3.9195676,-0.8453152304999995,3.3234906512466735,12,6
2025-09-07 12:55:00,0.857263539,1.897151243,-0.01672128,0.224684554,GEO,0.307032086,-0.155402697,3.538031991,-2.844322616,0.21133469100000057,2.617098317272818,12,6
2025-09-07 13:10:00,-19.0364432,-26.74226423,-19.99295075,-5.199609475,GEO,0.224684554,0.307032086,-0.155402697,3.538031991,0.9785864835000005,1.7181430087411629,13,6
2025-09-07 13:25:00,9.674374748,23.73303942,15.1812481,9.644543871,GEO,-5.199609475,0.224684554,0.307032086,-0.155402697,-1.2058238829999994,2.6701308079150725,13,6
2025-09-07 13:40:00,-6.579879984,-15.09450693,-2.434633743,-5.169073005,GEO,9.644543871,-5.199609475,0.224684554,0.307032086,1.2441627590000006,6.16458036255681,13,6
2025-09-07 13:55:00,-1.114182502,-1.413112145,-1.062462122,0.033833018,GEO,-5.169073005,9.644543871,-5.199609475,0.224684554,-0.1248635137499996,6.994297688443909,13,6
2025-09-07 14:10:00,1.362598028,0.942209739,1.512143134,0.090002193,GEO,0.033833018,-5.169073005,9.644543871,-5.199609475,-0.17257639774999958,6.991768854017767,14,6
2025-09-07 14:25:00,-1.919041883,-2.462292776,-3.205857717,-0.018540095,GEO,0.090002193,0.033833018,-5.169073005,9.644543871,1.1498265192500003,6.176767848992247,14,6
2025-09-07 14:40:00,-0.635793198,-1.233301993,-1.868156075,-0.127055042,GEO,-0.018540095,0.090002193,0.033833018,-5.169073005,-1.2659444722499997,2.6024631221666965,14,6
2025-09-07 14:55:00,2.268557727,1.846242428,2.276962528,0.291211469,GEO,-0.127055042,-0.018540095,0.090002193,0.033833018,-0.005439981499999531,0.09240024003791693,14,6
2025-09-07 15:10:00,8.319573868,3.501874901,-3.963580414,-3.75670034,GEO,0.291211469,-0.127055042,-0.018540095,0.090002193,0.05890463125000047,0.17843038877148484,15,6
2025-09-07 15:25:00,-0.332173094,-0.074219514,0.192359897,0.012546734,GEO,-3.75670034,0.291211469,-0.127055042,-0.018540095,-0.9027710019999995,1.9108555112693388,15,6
2025-09-07 15:40:00,-4.059220158,0.270759042,-5.001121145,3.471503458,GEO,0.012546734,-3.75670034,0.291211469,-0.127055042,-0.8949992947499995,1.915707616700508,15,6
2025-09-07 15:56:00,-1.714277264,-1.773267176,-0.613497867,0.143984082,GEO,3.471503458,0.012546734,-3.75670034,0.291211469,0.004640330250000435,2.9579840608661168,15,6
2025-09-07 16:11:00,-1.848180473,-2.061956622,0.791023776,-0.018540095,GEO,0.143984082,3.471503458,0.012546734,-3.75670034,-0.03216651649999955,2.9541430681180962,16,6
2025-09-07 16:25:00,1.603761815,0.668448102,-1.47237481,-0.127055012,GEO,-0.018540095,0.143984082,3.471503458,0.012546734,0.9023735447500004,1.7142011524685317,16,6
2025-09-07 16:40:00,-1.812750213,-1.338555548,-0.661121912,0.431351911,GEO,-0.127055012,-0.018540095,0.143984082,3.471503458,0.8674731082500005,1.7395896079080104,16,6
2025-09-07 16:56:00,5.103116676,3.86282862,3.330169299,-0.245370444,GEO,0.431351911,-0.127055012,-0.018540095,0.143984082,0.1074352215000005,0.2429768788140812,16,6
2025-09-07 17:10:00,0.064913109,0.508408476,5.917634327,0.431351911,GEO,-0.245370444,0.431351911,-0.127055012,-0.018540095,0.010096590000000495,0.29571950256427043,17,6
2025-09-07 17:25:00,1.543083701,1.349762857,2.449537576,-0.189201269,GEO,0.431351911,-0.245370444,0.431351911,-0.127055012,0.12256959150000049,0.359807983081682,17,6
2025-09-07 17:40:00,7.777087234,2.059477836,3.169604971,-4.020621941,GEO,-0.189201269,0.431351911,-0.245370444,0.431351911,0.1070330272500005,0.37519259122816956,17,6
2025-09-07 18:00:00,6.479322217,40.29511752,39.22767331,23.32334535,GEO,-4.020621941,-0.189201269,0.431351911,-0.245370444,-1.0059604357499996,2.0330308610034007,18,6
2025-09-07 18:04:00,-6.852648601,-41.09577503,-31.55393848,-23.4361867,GEO,23.32334535,-4.020621941,-0.189201269,0.431351911,4.88621851275,12.448094570144306,18,6
2025-09-07 18:25:00,-6.829490438,-0.425544251,-8.867805865,4.475467778,GEO,-23.4361867,23.32334535,-4.020621941,-0.189201269,-1.08066614,19.18995506370191,18,6
2025-09-07 18:41:00,2.212336145,1.079727076,0.303178969,0.16743034,GEO,4.475467778,-23.4361867,23.32334535,-4.020621941,0.08550112174999991,19.40274255708634,18,6
2025-09-07 18:56:00,3.239193134,-3.17451052,1.190130993,-4.492324029,GEO,0.16743034,4.475467778,-23.4361867,23.32334535,1.132514192,19.219441342236134,18,6
2025-09-07 19:10:00,-0.203418702,5.098094951,7.11172822,4.41765619,GEO,-4.492324029,0.16743034,4.475467778,-23.4361867,-5.82140315275,12.30093124255322,19,6
2025-09-07 19:26:00,-0.680813964,-0.423895035,1.554887583,0.260663396,GEO,4.41765619,-4.492324029,0.16743034,4.475467778,1.1420575697500004,4.263696525111805,19,6
2025-09-07 19:41:00,0.281656019,-0.380279429,-4.302852963,-0.189201299,GEO,0.260663396,4.41765619,-4.492324029,0.16743034,0.08835647425000048,3.640577438318223,19,6
2025-09-07 19:56:00,-0.028985579,-0.02741506,1.084786593,0.232310165,GEO,-0.189201299,0.260663396,4.41765619,-4.492324029,-0.0008014354999995171,3.6423619334591995,19,6
2025-09-07 20:11:00,2.893371224,3.082494229,2.490783837,0.121061651,GEO,0.232310165,-0.189201299,0.260663396,4.41765619,1.1803571130000006,2.1679810197913087,20,6
2025-09-07 20:26:00,4.112459779,4.379452273,2.951507001,0.090002193,GEO,0.121061651,0.232310165,-0.189201299,0.260663396,0.10620847825000054,0.20594943574714536,20,6
2025-09-07 20:41:00,3.416559547,4.322093938,-4.24724894,0.338118885,GEO,0.090002193,0.121061651,0.232310165,-0.189201299,0.06354317750000055,0.17923031808801865,20,6
2025-09-07 20:56:00,-10.49215941,-18.43517153,-7.882722559,-5.219783379,GEO,0.338118885,0.090002193,0.121061651,0.232310165,0.19537322350000053,0.11308687722309164,20,6
2025-09-07 21:11:00,18.99763895,28.22897941,21.78440173,4.898084637,GEO,-5.219783379,0.338118885,0.090002193,0.121061651,-1.1676501624999995,2.7036759923124785,21,6
2025-09-07 21:26:00,-12.71315253,-20.03918649,-7.614632118,-4.70337609,GEO,4.898084637,-5.219783379,0.338118885,0.090002193,0.02660558400000057,4.137509918684519,21,6
2025-09-07 21:40:00,18.76721505,27.9170473,16.4850615,4.649940633,GEO,-4.70337609,4.898084637,-5.219783379,0.338118885,-1.1717389867499994,4.760306490377746,21,6
2025-09-07 21:56:00,-19.78639976,-29.95762919,-18.88499826,-5.837091666,GEO,4.649940633,-4.70337609,4.898084637,-5.219783379,-0.09378354974999947,5.625711355093774,21,6
2025-09-07 22:11:00,23.49248818,32.96438118,15.82112148,5.39486838,GEO,-5.837091666,4.649940633,-4.70337609,4.898084637,-0.24811062149999952,5.8183712280129125,22,6
2025-09-07 22:26:00,-0.966826789,-0.249896981,2.249278422,0.16743034,GEO,5.39486838,-5.837091666,4.649940633,-4.70337609,-0.12391468574999953,5.968207969227174,22,6
2025-09-07 22:40:00,-1.139239497,-0.698137205,5.056696179,0.105256742,GEO,0.16743034,5.39486838,-5.837091666,4.649940633,1.0937869217500005,5.165292681065995,22,6
2025-09-07 22:56:00,1.625054408,1.096855775,0.083290008,0.026181505,GEO,0.105256742,0.16743034,5.39486838,-5.837091666,-0.042384050999999534,4.59014052886483,22,6
2025-09-07 23:11:00,-1.557840765,-0.925473008,0.643293705,0.49297515,GEO,0.026181505,0.105256742,0.16743034,5.39486838,1.4234342417500006,2.648253641356316,23,6
2025-09-07 23:26:00,0.15866176,-0.00730525,0.215510804,0.012023686,GEO,0.49297515,0.026181505,0.105256742,0.16743034,0.19796093425000044,0.20499410093443932,23,6
2025-09-07 23:41:00,2.508722112,2.415410932,0.520668252,0.043083144,GEO,0.012023686,0.49297515,0.026181505,0.105256742,0.15910927075000045,0.22632607769058447,23,6
2025-09-01 14:00:00,-0.765883333,0.671543743,0.434251402,-0.183988567,MEO,0.043083144,0.012023686,0.49297515,0.026181505,0.14356587125000042,0.23328527492620485,14,0
2025-09-01 15:00:00,-0.568186091,0.392190874,0.63784356,-0.159422194,MEO,-0.183988567,0.043083144,0.012023686,0.49297515,0.09102335325000045,0.28620273366876614,15,0
2025-09-01 16:00:00,-0.535862128,0.17431926,0.723322887,0.035761103,MEO,-0.159422194,-0.183988567,0.043083144,0.012023686,-0.07207598274999955,0.11617252384659588,16,0
2025-09-01 17:00:00,-0.641199774,-0.205228955,0.718194996,-0.077574236,MEO,0.035761103,-0.159422194,-0.183988567,0.043083144,-0.06614162849999955,0.12234293662815011,17,0
2025-09-01 18:00:00,-0.638888152,-0.396329347,0.475825153,0.161143483,MEO,-0.077574236,0.035761103,-0.159422194,-0.183988567,-0.09630597349999956,0.09910345634378871,18,0
2025-09-01 19:00:00,-0.77436263,-0.474094689,0.207774427,0.13862766,MEO,0.161143483,-0.077574236,0.035761103,-0.159422194,-0.010022960999999553,0.13937651361547235,19,0
2025-09-01 20:00:00,-0.837601373,-0.584908968,-0.216711007,-0.060440918,MEO,0.13862766,0.161143483,-0.077574236,0.035761103,0.06448950250000045,0.10930978162718988,20,0
2025-09-02 17:00:00,-0.335357651,0.60487498,0.674362661,-0.034781471,MEO,-0.060440918,0.13862766,0.161143483,-0.077574236,0.04043899725000044,0.12690477649994975,17,1
2025-09-02 18:00:00,-0.412536055,0.306909334,0.719623885,-0.302436957,MEO,-0.034781471,-0.060440918,0.13862766,0.161143483,0.051137188500000444,0.11487334668095747,18,1
2025-09-02 19:00:00,-0.702044664,0.075185154,0.676095143,-0.314214604,MEO,-0.302436957,-0.034781471,-0.060440918,0.13862766,-0.06475792149999957,0.18145177759930192,19,1
2025-09-02 20:00:00,-0.775892772,-0.037073866,0.430691566,0.475854393,MEO,-0.314214604,-0.302436957,-0.034781471,-0.060440918,-0.17796848749999955,0.15096429538966483,20,1
2025-09-02 21:00:00,-0.89035907,-0.0501773,0.154487155,0.104091569,MEO,0.475854393,-0.314214604,-0.302436957,-0.034781471,-0.04389465974999955,0.36974726493019683,21,1
2025-09-02 22:00:00,-1.058336398,-0.200725934,-0.358076125,0.008388643,MEO,0.104091569,0.475854393,-0.314214604,-0.302436957,-0.009176399749999564,0.37733034295818585,22,1
2025-09-02 23:00:00,-0.839232033,-0.254772935,-0.675063701,-0.101061387,MEO,0.008388643,0.104091569,0.475854393,-0.314214604,0.06853000025000043,0.3252118289337034,23,1
2025-09-03 19:00:00,-0.03383898,0.690224383,0.73809742,-0.353027114,MEO,-0.101061387,0.008388643,0.104091569,0.475854393,0.12181830450000045,0.25046452450246626,19,2
2025-09-03 20:00:00,-0.331164595,0.460334195,0.754296971,-0.111867706,MEO,-0.353027114,-0.101061387,0.008388643,0.104091569,-0.08540207224999956,0.1971234092737828,20,2
2025-09-03 21:00:00,-0.624093685,0.323578008,0.595941585,0.037838455,MEO,-0.111867706,-0.353027114,-0.101061387,0.008388643,-0.13939189099999955,0.15243129931451452,21,2
2025-09-03 22:00:00,-0.701466771,0.318061659,0.393948879,0.234829681,MEO,0.037838455,-0.111867706,-0.353027114,-0.101061387,-0.13202943799999955,0.16233770304458836,22,2
2025-09-03 23:00:00,-0.831473549,0.344608024,0.078566089,0.173892457,MEO,0.234829681,0.037838455,-0.111867706,-0.353027114,-0.048056670999999544,0.24797948847270207,23,2
2025-09-04 00:00:00,-0.967762081,0.272608705,-0.46438418,0.115396922,MEO,0.173892457,0.234829681,0.037838455,-0.111867706,0.08367322175000044,0.15419129444749627,0,3
2025-09-04 01:00:00,-0.856967132,0.126926705,-0.764487924,-0.097418698,MEO,0.115396922,0.173892457,0.234829681,0.037838455,0.14048937875000045,0.08402916516981562,1,3
2025-09-04 02:00:00,-0.663020635,-0.150727611,-0.862879188,-0.210255003,MEO,-0.097418698,0.115396922,0.173892457,0.234829681,0.10667509050000044,0.14453617571868596,2,3
2025-09-04 23:00:00,-0.45314458,0.637766904,0.575132627,0.007187674,MEO,-0.210255003,-0.097418698,0.115396922,0.173892457,-0.004596080499999551,0.17997046923593024,23,3
2025-09-05 00:00:00,-0.517121889,0.632788374,0.33881541,0.313628899,MEO,0.007187674,-0.210255003,-0.097418698,0.115396922,-0.04627227624999955,0.1396438172321066,0,4
2025-09-05 01:00:00,-0.656200007,0.738374509,-0.022809725,0.112118632,MEO,0.313628899,0.007187674,-0.210255003,-0.097418698,0.003285718000000451,0.22514375717206545,1,4
2025-09-05 02:00:00,-0.522071518,0.627076853,-0.604027957,0.102014217,MEO,0.112118632,0.313628899,0.007187674,-0.210255003,0.055670050500000456,0.21817109859206724,2,4
2025-09-05 03:00:00,-0.692386397,0.468869142,-0.794989448,-0.042943231,MEO,0.102014217,0.112118632,0.313628899,0.007187674,0.13373735550000046,0.12890502451075653,3,4
2025-09-05 04:00:00,-0.579470006,0.072540816,-0.867343003,-0.245654497,MEO,-0.042943231,0.102014217,0.112118632,0.313628899,0.12120462925000046,0.14654060515952494,4,4
2025-09-05 05:00:00,-0.637818535,-0.19533556,-0.761436984,-0.034174481,MEO,-0.245654497,-0.042943231,0.102014217,0.112118632,-0.018616219749999545,0.1671142189694747,5,4
2025-09-06 02:00:00,0.015509419,0.791806834,0.168363828,0.03017576,MEO,-0.034174481,-0.245654497,-0.042943231,0.102014217,-0.055189497999999546,0.14327307940730374,2,5
2025-09-06 03:00:00,-0.182978673,0.941149336,-0.167576488,0.089507895,MEO,0.03017576,-0.034174481,-0.245654497,-0.042943231,-0.07314911224999955,0.11953458932616576,3,5
2025-09-06 04:00:00,-0.425624019,0.899042258,-0.642716128,0.421244199,MEO,0.089507895,0.03017576,-0.034174481,-0.245654497,-0.040036330749999544,0.14608745746628957,4,5
2025-09-06 05:00:00,-0.356931278,0.633680437,-0.822042739,0.187504803,MEO,0.421244199,0.089507895,0.03017576,-0.034174481,0.12668834325000045,0.20276181826607395,5,5
2025-09-06 06:00:00,-0.615293259,0.270688187,-0.848775506,-0.055961629,MEO,0.187504803,0.421244199,0.089507895,0.03017576,0.18210816425000043,0.17211762659282412,6,5
2025-09-06 07:00:00,-0.692854449,0.059949629,-0.733184973,-0.179266626,MEO,-0.055961629,0.187504803,0.421244199,0.089507895,0.16057381700000045,0.20050959303968402,7,5
2025-09-06 14:00:00,0.007015683,-0.812115097,0.457226757,0.787286953,MEO,-0.179266626,-0.055961629,0.187504803,0.421244199,0.09338018675000044,0.266454196405844,14,5
2025-09-07 06:00:00,0.054012448,0.852508137,-0.660408268,0.116233553,MEO,0.787286953,-0.179266626,-0.055961629,0.187504803,0.18489087525000042,0.42953792289961146,6,6
2025-09-07 07:00:00,-0.10590212,0.721942117,-0.831064874,-0.709572473,MEO,0.116233553,0.787286953,-0.179266626,-0.055961629,0.16707306275000045,0.43086950040503585,7,6
2025-09-07 08:00:00,-0.487995785,0.417763898,-0.787376485,0.073952863,MEO,-0.709572473,0.116233553,0.787286953,-0.179266626,0.0036703517500004113,0.6242079559771858,8,6
2025-09-07 09:00:00,-0.666461468,0.342724778,-0.65810753,-0.017972708,MEO,0.073952863,-0.709572473,0.116233553,0.787286953,0.06697522400000042,0.6121956068318345,9,6
2025-09-07 11:47:00,-2.270492186,0.943558877,0.038751304,0.078469207,MEO,-0.017972708,0.073952863,-0.709572473,0.116233553,-0.13433969124999956,0.38755935755281334,11,6
2025-09-07 12:00:00,-0.934727645,0.215925608,0.565364603,1.576007273,MEO,0.078469207,-0.017972708,0.073952863,-0.709572473,-0.1437807777499996,0.3798029782503271,12,6
2025-09-07 13:00:00,-0.760390978,0.050845519,0.76846572,-0.04271362,MEO,1.576007273,0.078469207,-0.017972708,0.073952863,0.4276141587500004,0.766883935182002,13,6
2025-09-07 14:00:00,-0.494502604,-0.202973183,0.799759143,-0.730752601,MEO,-0.04271362,1.576007273,0.078469207,-0.017972708,0.39844753800000043,0.7867786750222162,14,6
2025-09-07 15:00:00,-0.457619769,-0.498454589,0.726807801,0.232752299,MEO,-0.730752601,-0.04271362,1.576007273,0.078469207,0.2202525647500004,0.9715512319793527,15,6
2025-09-07 16:00:00,-0.362948108,-0.790320568,0.422599971,0.265575346,MEO,0.232752299,-0.730752601,-0.04271362,1.576007273,0.25882333775000044,0.9670984599622348,16,6
2025-09-01 14:00:00,-0.765883333,0.671543743,0.434251402,-0.183988567,MEO,0.265575346,0.232752299,-0.730752601,-0.04271362,-0.0687846439999996,0.4624580720791475,14,0
2025-09-01 15:00:00,-0.568186091,0.392190874,0.63784356,-0.159422194,MEO,-0.183988567,0.265575346,0.232752299,-0.730752601,-0.1041033807499996,0.4651899247308226,15,0
2025-09-01 16:00:00,-0.535862128,0.17431926,0.723322887,0.035761103,MEO,-0.159422194,-0.183988567,0.265575346,0.232752299,0.03872922100000039,0.2435647180127973,16,0
2025-09-01 17:00:00,-0.641199774,-0.205228955,0.718194996,-0.077574236,MEO,0.035761103,-0.159422194,-0.183988567,0.265575346,-0.010518577999999609,0.2086734192340206,17,0
2025-09-01 18:00:00,-0.638888152,-0.396329347,0.475825153,0.161143483,MEO,-0.077574236,0.035761103,-0.159422194,-0.183988567,-0.09630597349999961,0.09910345634378893,18,0
2025-09-01 19:00:00,-0.77436263,-0.474094689,0.207774427,0.13862766,MEO,0.161143483,-0.077574236,0.035761103,-0.159422194,-0.010022960999999608,0.13937651361547254,19,0
2025-09-01 20:00:00,-0.837601373,-0.584908968,-0.216711007,-0.060440918,MEO,0.13862766,0.161143483,-0.077574236,0.035761103,0.06448950250000039,0.10930978162719016,20,0
2025-09-02 17:00:00,-0.335357651,0.60487498,0.674362661,-0.034781471,MEO,-0.060440918,0.13862766,0.161143483,-0.077574236,0.040438997250000386,0.12690477649994997,17,1
2025-09-02 18:00:00,-0.412536055,0.306909334,0.719623885,-0.302436957,MEO,-0.034781471,-0.060440918,0.13862766,0.161143483,0.05113718850000039,0.11487334668095775,18,1
2025-09-02 19:00:00,-0.702044664,0.075185154,0.676095143,-0.314214604,MEO,-0.302436957,-0.034781471,-0.060440918,0.13862766,-0.06475792149999962,0.18145177759930206,19,1
2025-09-02 20:00:00,-0.775892772,-0.037073866,0.430691566,0.475854393,MEO,-0.314214604,-0.302436957,-0.034781471,-0.060440918,-0.1779684874999996,0.150964295389665,20,1
2025-09-02 21:00:00,-0.89035907,-0.0501773,0.154487155,0.104091569,MEO,0.475854393,-0.314214604,-0.302436957,-0.034781471,-0.04389465974999961,0.36974726493019694,21,1
2025-09-02 22:00:00,-1.058336398,-0.200725934,-0.358076125,0.008388643,MEO,0.104091569,0.475854393,-0.314214604,-0.302436957,-0.00917639974999962,0.37733034295818585,22,1
2025-09-02 23:00:00,-0.839232033,-0.254772935,-0.675063701,-0.101061387,MEO,0.008388643,0.104091569,0.475854393,-0.314214604,0.06853000025000038,0.32521182893370343,23,1
2025-09-03 19:00:00,-0.03383898,0.690224383,0.73809742,-0.353027114,MEO,-0.101061387,0.008388643,0.104091569,0.475854393,0.12181830450000039,0.25046452450246637,19,2
2025-09-03 20:00:00,-0.331164595,0.460334195,0.754296971,-0.111867706,MEO,-0.353027114,-0.101061387,0.008388643,0.104091569,-0.08540207224999961,0.19712340927378288,20,2
2025-09-03 21:00:00,-0.624093685,0.323578008,0.595941585,0.037838455,MEO,-0.111867706,-0.353027114,-0.101061387,0.008388643,-0.1393918909999996,0.15243129931451463,21,2
2025-09-03 22:00:00,-0.701466771,0.318061659,0.393948879,0.234829681,MEO,0.037838455,-0.111867706,-0.353027114,-0.101061387,-0.1320294379999996,0.16233770304458847,22,2
2025-09-03 23:00:00,-0.831473549,0.344608024,0.078566089,0.173892457,MEO,0.234829681,0.037838455,-0.111867706,-0.353027114,-0.0480566709999996,0.24797948847270215,23,2
2025-09-04 00:00:00,-0.967762081,0.272608705,-0.46438418,0.115396922,MEO,0.173892457,0.234829681,0.037838455,-0.111867706,0.08367322175000039,0.15419129444749638,0,3
2025-09-04 01:00:00,-0.856967132,0.126926705,-0.764487924,-0.097418698,MEO,0.115396922,0.173892457,0.234829681,0.037838455,0.1404893787500004,0.08402916516981584,1,3
2025-09-04 02:00:00,-0.663020635,-0.150727611,-0.862879188,-0.210255003,MEO,-0.097418698,0.115396922,0.173892457,0.234829681,0.10667509050000039,0.1445361757186861,2,3
2025-09-04 23:00:00,-0.45314458,0.637766904,0.575132627,0.007187674,MEO,-0.210255003,-0.097418698,0.115396922,0.173892457,-0.004596080499999607,0.17997046923593032,23,3
2025-09-05 00:00:00,-0.517121889,0.632788374,0.33881541,0.313628899,MEO,0.007187674,-0.210255003,-0.097418698,0.115396922,-0.046272276249999605,0.13964381723210673,0,4
2025-09-05 01:00:00,-0.656200007,0.738374509,-0.022809725,0.112118632,MEO,0.313628899,0.007187674,-0.210255003,-0.097418698,0.0032857180000003955,0.2251437571720655,1,4
2025-09-05 02:00:00,-0.522071518,0.627076853,-0.604027957,0.102014217,MEO,0.112118632,0.313628899,0.007187674,-0.210255003,0.0556700505000004,0.21817109859206732,2,4
2025-09-05 03:00:00,-0.692386397,0.468869142,-0.794989448,-0.042943231,MEO,0.102014217,0.112118632,0.313628899,0.007187674,0.1337373555000004,0.12890502451075667,3,4
2025-09-05 04:00:00,-0.579470006,0.072540816,-0.867343003,-0.245654497,MEO,-0.042943231,0.102014217,0.112118632,0.313628899,0.1212046292500004,0.14654060515952505,4,4
2025-09-05 05:00:00,-0.637818535,-0.19533556,-0.761436984,-0.034174481,MEO,-0.245654497,-0.042943231,0.102014217,0.112118632,-0.0186162197499996,0.16711421896947484,5,4
2025-09-06 02:00:00,0.015509419,0.791806834,0.168363828,0.03017576,MEO,-0.034174481,-0.245654497,-0.042943231,0.102014217,-0.0551894979999996,0.14327307940730388,2,5
2025-09-06 03:00:00,-0.182978673,0.941149336,-0.167576488,0.089507895,MEO,0.03017576,-0.034174481,-0.245654497,-0.042943231,-0.0731491122499996,0.11953458932616592,3,5
2025-09-06 04:00:00,-0.425624019,0.899042258,-0.642716128,0.421244199,MEO,0.089507895,0.03017576,-0.034174481,-0.245654497,-0.0400363307499996,0.1460874574662897,4,5
2025-09-06 05:00:00,-0.356931278,0.633680437,-0.822042739,0.187504803,MEO,0.421244199,0.089507895,0.03017576,-0.034174481,0.1266883432500004,0.20276181826607403,5,5
2025-09-06 06:00:00,-0.615293259,0.270688187,-0.848775506,-0.055961629,MEO,0.187504803,0.421244199,0.089507895,0.03017576,0.18210816425000037,0.17211762659282423,6,5
2025-09-06 07:00:00,-0.692854449,0.059949629,-0.733184973,-0.179266626,MEO,-0.055961629,0.187504803,0.421244199,0.089507895,0.1605738170000004,0.2005095930396841,7,5
2025-09-06 14:00:00,0.007015683,-0.812115097,0.457226757,0.787286953,MEO,-0.179266626,-0.055961629,0.187504803,0.421244199,0.09338018675000039,0.26645419640584406,14,5
2025-09-07 06:00:00,0.054012448,0.852508137,-0.660408268,0.116233553,MEO,0.787286953,-0.179266626,-0.055961629,0.187504803,0.18489087525000036,0.42953792289961146,6,6
2025-09-07 07:00:00,-0.10590212,0.721942117,-0.831064874,-0.709572473,MEO,0.116233553,0.787286953,-0.179266626,-0.055961629,0.1670730627500004,0.4308695004050359,7,6
2025-09-07 08:00:00,-0.487995785,0.417763898,-0.787376485,0.073952863,MEO,-0.709572473,0.116233553,0.787286953,-0.179266626,0.0036703517500003557,0.6242079559771858,8,6
2025-09-07 12:00:00,-0.934727645,0.215925608,0.565364603,1.576007273,MEO,0.073952863,-0.709572473,0.116233553,0.787286953,0.06697522400000036,0.6121956068318346,12,6
2025-09-07 13:00:00,-0.760390978,0.050845519,0.76846572,-0.04271362,MEO,1.576007273,0.073952863,-0.709572473,0.116233553,0.2641553040000004,0.9534427417262722,13,6
2025-09-07 14:00:00,-0.494502604,-0.202973183,0.799759143,-0.730752601,MEO,-0.04271362,1.576007273,0.073952863,-0.709572473,0.2244185107500004,0.964906010344768,14,6
2025-09-07 15:00:00,-0.457619769,-0.498454589,0.726807801,0.232752299,MEO,-0.730752601,-0.04271362,1.576007273,0.073952863,0.21912347875000046,0.9717735284756914,15,6
2025-09-07 16:00:00,-0.362948108,-0.790320568,0.422599971,0.265575346,MEO,0.232752299,-0.730752601,-0.04271362,1.576007273,0.25882333775000044,0.9670984599622348,16,6
2025-09-03 10:11:00,-0.026799934,0.073631655,0.078432899,0.008539498,MEO,0.265575346,0.232752299,-0.730752601,-0.04271362,-0.0687846439999996,0.4624580720791475,10,2
2025-09-03 10:21:00,-0.085093127,0.038818173,0.082895838,-0.006356499,MEO,0.008539498,0.265575346,0.232752299,-0.730752601,-0.0559713644999996,0.46412821842350593,10,2
2025-09-03 10:31:00,-0.098011992,0.039264336,0.114348378,0.01109373,MEO,-0.006356499,0.008539498,0.265575346,0.232752299,0.1251276610000004,0.1439785852234555,10,2
2025-09-03 10:41:00,-0.107813045,0.054687735,0.132517305,-0.006356499,MEO,0.01109373,-0.006356499,0.008539498,0.265575346,0.0697130187500004,0.13080143146610287,10,2
2025-09-03 10:51:00,-0.06251346,0.02046125,0.072510837,-0.006356499,MEO,-0.006356499,0.01109373,-0.006356499,0.008539498,0.0017300575000003954,0.009395595322670487,10,2
2025-09-03 11:01:00,-0.067049238,0.051798817,0.118077869,-0.006356499,MEO,-0.006356499,-0.006356499,0.01109373,-0.006356499,-0.0019939417499996045,0.00872511449496824,11,2
2025-09-03 11:57:00,-0.469946869,0.044073656,0.660201441,-0.014332238,MEO,-0.006356499,-0.006356499,-0.006356499,0.01109373,-0.0019939417499996045,0.00872511449496824,11,2
2025-09-03 12:01:00,-0.099226913,-0.029361427,0.093226715,-0.006356499,MEO,-0.014332238,-0.006356499,-0.006356499,-0.006356499,-0.008350433749999605,0.003987869488998247,12,2
2025-09-03 12:11:00,-0.047000158,-0.011954684,0.122662981,0.01109373,MEO,-0.006356499,-0.014332238,-0.006356499,-0.006356499,-0.008350433749999605,0.003987869488998247,12,2
2025-09-03 12:21:00,-0.094760614,-0.023004327,0.10518468,-0.006356499,MEO,0.01109373,-0.006356499,-0.014332238,-0.006356499,-0.003987876499999604,0.010734390439069744,12,2
2025-09-03 13:20:00,-0.571787328,-0.114417512,0.385933068,0.090369049,MEO,-0.006356499,0.01109373,-0.006356499,-0.014332238,-0.003987876499999605,0.010734390439069744,13,2
2025-09-03 13:21:00,-0.260877719,-0.091754563,0.16027372,0.023435466,MEO,0.090369049,-0.006356499,0.01109373,-0.006356499,0.022187445250000395,0.046192766801741565,13,2
2025-09-03 13:31:00,0.034080828,-0.087099403,0.105749086,-0.014019165,MEO,0.023435466,0.090369049,-0.006356499,0.01109373,0.029635436500000396,0.042293520473807196,13,2
2025-09-03 13:41:00,-0.166154541,-0.051300939,0.06385389,0.023435466,MEO,-0.014019165,0.023435466,0.090369049,-0.006356499,0.023357212750000397,0.047506106977863456,13,2
2025-09-03 13:51:00,-0.196628107,-0.07414658,0.065460388,-0.011464963,MEO,0.023435466,-0.014019165,0.023435466,0.090369049,0.03080520400000039,0.04345764897592888,13,2
2025-09-03 14:01:00,-0.165072372,-0.045122795,0.02148753,-0.011464963,MEO,-0.011464963,0.023435466,-0.014019165,0.023435466,0.005346701000000391,0.02091311909277431,14,2
2025-09-03 14:11:00,-0.173809274,-0.136914536,0.086149931,-0.011464963,MEO,-0.011464963,-0.011464963,0.023435466,-0.014019165,-0.0033784062499996083,0.017916419765991048,14,2
2025-09-03 15:26:00,-1.121684754,-0.35136563,-0.251508862,-0.027904022,MEO,-0.011464963,-0.011464963,-0.011464963,0.023435466,-0.0027398557499996082,0.01745021449748431,15,2
2025-09-03 15:31:00,-0.159982871,-0.08785478,-0.057381164,-0.046365422,MEO,-0.027904022,-0.011464963,-0.011464963,-0.011464963,-0.015574727749999608,0.008219529494666289,15,2
2025-09-03 15:41:00,-0.166797161,-0.088235419,-0.064707786,-0.028915162,MEO,-0.046365422,-0.027904022,-0.011464963,-0.011464963,-0.02429984249999961,0.01662676729288526,15,2
2025-09-03 15:51:00,-0.176098157,-0.082430024,-0.122549303,-0.046365392,MEO,-0.028915162,-0.046365422,-0.027904022,-0.011464963,-0.028662392249999606,0.014257019941746316,15,2
2025-09-04 17:47:00,-0.539619543,0.409925637,0.439555116,0.03378673,MEO,-0.046365392,-0.028915162,-0.046365422,-0.027904022,-0.03738749949999961,0.010375009945409368,17,3
2025-09-04 17:51:00,-0.145059071,0.132950215,0.067882702,-0.008910731,MEO,0.03378673,-0.046365392,-0.028915162,-0.046365422,-0.02196481149999961,0.038067133124459196,17,3
2025-09-04 18:01:00,-0.211467613,0.106881801,0.098722767,-0.026360931,MEO,-0.008910731,0.03378673,-0.046365392,-0.028915162,-0.012601138749999607,0.034504229829578084,18,3
2025-09-04 18:11:00,-0.195682641,0.186074456,0.057213813,-0.008910731,MEO,-0.026360931,-0.008910731,0.03378673,-0.046365392,-0.011962580999999608,0.03412320389685148,18,3
2025-09-04 19:15:00,-0.700526601,0.576058736,-0.000603687,0.03378673,MEO,-0.008910731,-0.026360931,-0.008910731,0.03378673,-0.0025989157499996082,0.02561397150399622,19,3
2025-09-04 19:21:00,-0.119074706,0.014814829,0.011466771,-0.058707128,MEO,0.03378673,-0.008910731,-0.026360931,-0.008910731,-0.002598915749999608,0.025613971503996222,19,3
2025-09-04 20:35:00,-0.561356336,0.534204077,-0.435082704,0.007855192,MEO,-0.058707128,0.03378673,-0.008910731,-0.026360931,-0.015048014999999608,0.03854261187403905,20,3
2025-09-04 20:41:00,-0.187609674,0.112088744,-0.189741187,-0.02123451,MEO,0.007855192,-0.058707128,0.03378673,-0.008910731,-0.006493984249999608,0.03898926281423397,20,3
2025-09-04 20:51:00,-0.113190185,0.030456159,-0.111615494,-0.056134909,MEO,-0.02123451,0.007855192,-0.058707128,0.03378673,-0.009574928999999607,0.03972388616737154,20,3
2025-09-04 21:59:00,-0.482253073,0.1169241,-0.548191147,-0.077181149,MEO,-0.056134909,-0.02123451,0.007855192,-0.058707128,-0.03205533874999961,0.03162322128316485,21,3
2025-09-04 22:01:00,-0.137998149,0.037673879,-0.184002347,0.038778844,MEO,-0.077181149,-0.056134909,-0.02123451,0.007855192,-0.03667384399999961,0.03759779643581806,22,3
2025-09-04 22:11:00,-0.191218025,0.019640166,-0.242282348,0.036224642,MEO,0.038778844,-0.077181149,-0.056134909,-0.02123451,-0.02894293099999961,0.050701702491366754,22,3
2025-09-04 22:21:00,-0.117626876,0.033380453,-0.159829679,0.016220181,MEO,0.036224642,0.038778844,-0.077181149,-0.056134909,-0.014578142999999608,0.0607563225401991,22,3
2025-09-04 23:30:00,-0.510722465,-0.229274567,-0.723215692,0.079870827,MEO,0.016220181,0.036224642,0.038778844,-0.077181149,0.0035106295000003913,0.05473192055960524,23,3
2025-09-04 23:31:00,-0.12898493,-0.07481128,-0.131789273,-0.00378428,MEO,0.079870827,0.016220181,0.036224642,0.038778844,0.04277362350000039,0.026709144737321326,23,3
2025-09-04 23:41:00,-0.149323838,-0.086206459,-0.172971306,0.013665949,MEO,-0.00378428,0.079870827,0.016220181,0.036224642,0.03213284250000039,0.03577201173962533,23,3
2025-09-04 23:51:00,-0.244710792,-0.122379158,-0.167883614,0.013665919,MEO,0.013665949,-0.00378428,0.079870827,0.016220181,0.02649316925000039,0.03667865022336979,23,3
2025-09-05 23:46:00,0.173257452,0.935233889,-0.247954343,-0.142840284,MEO,0.013665919,0.013665949,-0.00378428,0.079870827,0.025854603750000392,0.03693843140698341,23,4
2025-09-05 23:51:00,0.014136072,0.098720933,-0.009266581,0.001324183,MEO,-0.142840284,0.013665919,0.013665949,-0.00378428,-0.029823173999999612,0.07579247144341902,23,4
2025-09-06 00:59:00,0.140982337,0.865999331,-0.577171501,0.025395359,MEO,0.001324183,-0.142840284,0.013665919,0.013665949,-0.02854605824999961,0.07641794276933275,0,5
2025-09-06 01:01:00,0.013908878,0.134659275,-0.067289431,0.003878415,MEO,0.025395359,0.001324183,-0.142840284,0.013665919,-0.025613705749999615,0.07876660482171043,1,5
2025-09-06 01:11:00,0.019546565,0.06171583,-0.067408971,0.021328644,MEO,0.003878415,0.025395359,0.001324183,-0.142840284,-0.028060581749999612,0.07727759822573167,1,5
2025-09-06 01:21:00,0.059832983,0.056043431,-0.039315034,0.018774413,MEO,0.021328644,0.003878415,0.025395359,0.001324183,0.012981650250000393,0.012145477951761876,1,5
2025-09-06 01:31:00,0.011891365,0.078088701,-0.076481938,0.036224612,MEO,0.018774413,0.021328644,0.003878415,0.025395359,0.017344207750000392,0.009382072085629094,1,5
2025-09-06 01:41:00,0.035921536,0.085725619,-0.102250531,0.018774413,MEO,0.036224612,0.018774413,0.021328644,0.003878415,0.02005152100000039,0.01324638665093601,1,5
2025-09-06 02:46:00,-0.167498451,0.613771463,-0.845665596,0.184572143,MEO,0.018774413,0.036224612,0.018774413,0.021328644,0.023775520500000393,0.00838628316499851,2,5
2025-09-06 02:51:00,-0.0344739,0.048375752,-0.103029653,-0.008910731,MEO,0.184572143,0.018774413,0.036224612,0.018774413,0.06458639525000039,0.08041236606254455,2,5
2025-09-06 03:01:00,0.019743845,0.017248999,-0.057545797,-0.008910731,MEO,-0.008910731,0.184572143,0.018774413,0.036224612,0.057665109250000395,0.08662162720146574,3,5
2025-09-06 03:11:00,-0.111109197,0.096914606,-0.133015411,-0.008910731,MEO,-0.008910731,-0.008910731,0.184572143,0.018774413,0.04638127350000039,0.09304706100109375,3,5
2025-09-06 03:21:00,0.000614561,-0.004636142,-0.066873027,-0.008910731,MEO,-0.008910731,-0.008910731,-0.008910731,0.184572143,0.0394599875000004,0.09674143699954423,3,5
2025-09-06 03:31:00,0.02598948,0.046965871,-0.054773212,0.008539498,MEO,-0.008910731,-0.008910731,-0.008910731,-0.008910731,-0.008910731,0.0,3,5
2025-09-06 03:41:00,-0.088868253,0.112274762,-0.12737477,0.025989728,MEO,0.008539498,-0.008910731,-0.008910731,-0.008910731,-0.004548173749999605,0.008725114494969566,3,5
2025-09-06 03:51:00,-0.059354763,0.051837355,-0.106131578,0.005985237,MEO,0.025989728,0.008539498,-0.008910731,-0.008910731,0.0041769410000003955,0.016707322713720472,3,5
2025-09-06 04:01:00,-0.160149522,0.103794303,-0.162567098,0.020881264,MEO,0.005985237,0.025989728,0.008539498,-0.008910731,0.007900933000000394,0.014305176302780212,4,5
2025-09-06 10:05:00,-0.563402384,-0.149780419,0.92689308,-0.062804481,MEO,0.020881264,0.005985237,0.025989728,0.008539498,0.015348931750000397,0.009624282000255531,10,5
2025-09-06 10:11:00,-0.090801383,0.010562062,0.111598736,0.028543929,MEO,-0.062804481,0.020881264,0.005985237,0.025989728,-0.002487062999999602,0.04109735236261143,10,5
2025-09-06 10:21:00,-0.074041625,0.012991324,0.054791288,0.008539498,MEO,0.028543929,-0.062804481,0.020881264,0.005985237,-0.0018485127499996033,0.04170268163563424,10,5
2025-09-06 10:31:00,-0.092052122,-0.030021388,0.092020241,-0.008910731,MEO,0.008539498,0.028543929,-0.062804481,0.020881264,-0.0012099474999996036,0.041881790142780186,10,5
2025-09-06 10:41:00,-0.171241526,-0.113054205,0.219488008,-0.028915192,MEO,-0.008910731,0.008539498,0.028543929,-0.062804481,-0.008657946249999604,0.03920732387427965,10,5
2025-09-06 10:51:00,-0.082829826,-0.063609958,0.077884307,-0.026360931,MEO,-0.028915192,-0.008910731,0.008539498,0.028543929,-0.00018562399999960504,0.02451550896105905,10,5
2025-09-06 11:01:00,-0.099391954,-0.102043435,0.168740699,-0.026360931,MEO,-0.026360931,-0.028915192,-0.008910731,0.008539498,-0.013911838999999605,0.01740837065819407,11,5
2025-09-06 12:14:00,-0.893211817,-0.735773809,0.412232958,-0.027045267,MEO,-0.026360931,-0.026360931,-0.028915192,-0.008910731,-0.022636946249999606,0.009229689040632963,12,5
2025-09-06 12:21:00,-0.064752941,-0.057521988,0.034512933,0.01109373,MEO,-0.027045267,-0.026360931,-0.026360931,-0.028915192,-0.027170580249999604,0.0012069848276026719,12,5
2025-09-06 12:31:00,-0.238354216,-0.13660996,0.017611094,0.028543959,MEO,0.01109373,-0.027045267,-0.026360931,-0.026360931,-0.017168349749999607,0.018844148039213755,12,5
2025-09-06 12:41:00,-0.119778709,-0.178298321,0.089388903,-0.006356499,MEO,0.028543959,0.01109373,-0.027045267,-0.026360931,-0.003442127249999605,0.027789570170062512,12,5
2025-09-06 12:51:00,-0.161650727,-0.141935518,-0.016236544,-0.006356499,MEO,-0.006356499,0.028543959,0.01109373,-0.027045267,0.0015589807500003944,0.023804469490454064,12,5
2025-09-06 13:01:00,-0.163398676,-0.146068916,0.014648575,-0.006356499,MEO,-0.006356499,-0.006356499,0.028543959,0.01109373,0.006731172750000394,0.016707322278525637,13,5
2025-09-06 14:13:00,-0.942280035,-0.997850567,-0.456633855,-0.079395895,MEO,-0.006356499,-0.006356499,-0.006356499,0.028543959,0.0023686155000003954,0.017450228997482973,14,5
2025-09-07 13:41:00,-0.036200721,0.092313632,0.133444638,-0.026360961,MEO,-0.079395895,-0.006356499,-0.006356499,-0.006356499,-0.024616347999999604,0.036519697998800664,13,6
2025-09-07 13:51:00,-0.08211185,0.074631248,0.103968316,-0.026360931,MEO,-0.026360961,-0.079395895,-0.006356499,-0.006356499,-0.029617463499999604,0.034499478207699316,13,6
2025-09-07 14:01:00,-0.067845948,0.076898634,0.1039284,-0.006356499,MEO,-0.026360931,-0.026360961,-0.079395895,-0.006356499,-0.034618571499999605,0.031305644854953005,14,6
2025-09-07 14:11:00,-0.041462287,0.051013362,0.137734718,0.01109373,MEO,-0.006356499,-0.026360931,-0.026360961,-0.079395895,-0.034618571499999605,0.031305644854953005,14,6
2025-09-07 14:21:00,-0.087296899,0.042560622,0.165440805,-0.006356499,MEO,0.01109373,-0.006356499,-0.026360931,-0.026360961,-0.011996165249999604,0.01805217392075731,14,6
2025-09-07 14:31:00,-0.130934495,0.093202226,0.225417065,-0.006356499,MEO,-0.006356499,0.01109373,-0.006356499,-0.026360931,-0.006995049749999605,0.015308568442656375,14,6
2025-09-07 14:41:00,-0.153532878,0.063890276,0.161266778,-0.00378428,MEO,-0.006356499,-0.006356499,0.01109373,-0.006356499,-0.0019939417499996045,0.008725114494968243,14,6
2025-09-07 14:51:00,-0.137262445,0.093835443,0.132474352,-0.00635647,MEO,-0.00378428,-0.006356499,-0.006356499,0.01109373,-0.0013508869999996045,0.008384553188150864,14,6
2025-09-07 15:01:00,-0.144461568,0.122471364,0.143217292,-0.006356499,MEO,-0.00635647,-0.00378428,-0.006356499,-0.006356499,-0.0057134369999996045,0.0012861046326163943,15,6
2025-09-07 15:11:00,-0.148846943,0.04637997,0.151511321,0.01109373,MEO,-0.006356499,-0.00635647,-0.00378428,-0.006356499,-0.0057134369999996045,0.0012861046326163943,15,6
2025-09-07 15:21:00,-0.230035815,0.106927201,0.18373343,0.0110937,MEO,0.01109373,-0.006356499,-0.00635647,-0.00378428,-0.001350879749999605,0.00838454741712251,15,6
2025-09-07 15:31:00,-0.190977547,0.07539133,0.118275603,0.008539498,MEO,0.0110937,0.01109373,-0.006356499,-0.00635647,0.0023686152500003946,0.01007487737439246,15,6
2025-09-07 15:41:00,-0.182637148,0.058358487,0.136019353,0.025989698,MEO,0.008539498,0.0110937,0.01109373,-0.006356499,0.006092607250000395,0.008386291948913957,15,6
2025-09-07 15:51:00,-0.165731173,0.044489335,0.132015623,0.008539498,MEO,0.025989698,0.008539498,0.0110937,0.01109373,0.014179156500000395,0.007965227277700656,15,6
2025-09-07 16:11:00,-0.408012046,0.096461339,0.186527543,0.011970533,MEO,0.008539498,0.025989698,0.008539498,0.0110937,0.013540598500000394,0.008386286480291525,16,6
2025-09-07 17:21:00,-1.012718422,0.259928782,0.030715656,-0.010453853,MEO,0.011970533,0.008539498,0.025989698,0.008539498,0.013759806750000395,0.008312139459169964,17,6
2025-09-07 17:31:00,-0.1636406,0.072720733,0.025637303,0.025989728,MEO,-0.010453853,0.011970533,0.008539498,0.025989698,0.009011469000000395,0.015012637306142499,17,6
2025-09-07 17:41:00,-0.208675927,0.07556681,-0.029935218,-0.011464963,MEO,0.025989728,-0.010453853,0.011970533,0.008539498,0.009011476500000396,0.015012648615437134,17,6
2025-09-07 17:51:00,-0.178968459,0.083170965,-0.018625636,-0.011464963,MEO,-0.011464963,0.025989728,-0.010453853,0.011970533,0.004010361250000396,0.018213145904990936,17,6
2025-09-07 18:58:00,-0.828410534,0.13012493,-0.44777637,-0.121140406,MEO,-0.011464963,-0.011464963,0.025989728,-0.010453853,-0.0018485127499996046,0.01856494689310351,18,6
2025-09-07 19:01:00,-0.244238015,0.052564673,-0.148898173,0.008539498,MEO,-0.121140406,-0.011464963,-0.011464963,0.025989728,-0.029520150999999606,0.06358091280677373,19,6
2025-09-07 19:11:00,-0.107488316,0.011982635,-0.112896048,0.01109373,MEO,0.008539498,-0.121140406,-0.011464963,-0.011464963,-0.0338827084999996,0.058931202837639834,19,6
2025-09-07 20:05:00,-0.565240756,6.22e-05,-0.544015393,-0.014332268,MEO,0.01109373,0.008539498,-0.121140406,-0.011464963,-0.028243035249999604,0.06274753926927451,20,6
2025-09-07 20:11:00,-0.206648063,-0.001829769,-0.239932971,0.048566378,MEO,-0.014332268,0.01109373,0.008539498,-0.121140406,-0.028959861499999608,0.06250789664944785,20,6
2025-09-07 20:21:00,-0.142795103,-0.015222982,-0.220833858,0.048566378,MEO,0.048566378,-0.014332268,0.01109373,0.008539498,0.013466834500000396,0.026042774579540035,20,6
2025-09-07 20:31:00,-0.08177105,-0.037739679,-0.098174774,0.01109373,MEO,0.048566378,0.048566378,-0.014332268,0.01109373,0.023473554500000396,0.030777913356239167,20,6
2025-09-07 20:41:00,-0.154241551,-0.017986298,-0.243364867,0.01109373,MEO,0.01109373,0.048566378,0.048566378,-0.014332268,0.023473554500000396,0.030777913356239167,20,6
2025-09-07 20:51:00,-0.130916173,-0.060018655,-0.228665477,0.028543929,MEO,0.01109373,0.01109373,0.048566378,0.048566378,0.029830054000000397,0.0216348434080121,20,6
2025-09-07 21:01:00,-0.163236763,-0.083755936,-0.245010105,-0.00635647,MEO,0.028543929,0.01109373,0.01109373,0.048566378,0.024824441750000398,0.017837965246079314,21,6
2025-09-07 21:11:00,-0.052220766,-0.044118311,-0.118435729,0.025989698,MEO,-0.00635647,0.028543929,0.01109373,0.01109373,0.011093729750000395,0.014248028225171194,21,6
2025-09-07 21:21:00,-0.114157105,-0.082726426,-0.212642066,0.008539498,MEO,0.025989698,-0.00635647,0.028543929,0.01109373,0.014817721750000396,0.016077275156324167,21,6
2025-09-07 21:31:00,-0.02066721,-0.049403172,-0.150673048,0.025989698,MEO,0.008539498,0.025989698,-0.00635647,0.028543929,0.014179163750000395,0.01632332975610912,21,6
2025-09-07 21:41:00,-0.186244344,-0.136665341,-0.182066269,0.005985266,MEO,0.025989698,0.008539498,0.025989698,-0.00635647,0.013540606000000396,0.015608379133898188,21,6
2025-09-07 21:51:00,-0.123883415,-0.14812921,-0.164790332,-0.011464963,MEO,0.005985266,0.025989698,0.008539498,0.025989698,0.016626040000000397,0.010862387933519967,21,6
2025-09-08 22:27:00,-0.147834286,0.930684999,-0.276914693,-0.02483046,MEO,-0.011464963,0.005985266,0.025989698,0.008539498,0.0072623747500003945,0.015326315773900267,22,0
2025-09-08 22:31:00,0.029121075,0.032545315,0.016111329,0.016220181,MEO,-0.02483046,-0.011464963,0.005985266,0.025989698,-0.0010801147499996042,0.02201982697380414,22,0
2025-09-08 22:41:00,-0.038042733,0.146215316,-0.056968082,-0.018680278,MEO,0.016220181,-0.02483046,-0.011464963,0.005985266,-0.0035224939999996038,0.018232598507279645,22,0
2025-09-08 22:51:00,0.008932024,0.185868256,-0.108087491,-0.018680248,MEO,-0.018680278,0.016220181,-0.02483046,-0.011464963,-0.009688879999999605,0.018115799691173898,22,0
2025-09-08 23:01:00,0.00496231,0.068845915,-0.106956288,-0.033576246,MEO,-0.018680248,-0.018680278,0.016220181,-0.02483046,-0.011492701249999605,0.018701352345333988,23,0
2025-09-08 23:11:00,-0.066798825,0.168448284,-0.095453959,0.001324183,MEO,-0.033576246,-0.018680248,-0.018680278,0.016220181,-0.013679147749999603,0.021133596362945022,23,0
2025-09-09 00:19:00,-0.232342325,0.699369419,-0.638417648,0.127971837,MEO,0.001324183,-0.033576246,-0.018680248,-0.018680278,-0.0174031472499996,0.01432415291835285,0,1
2025-09-09 00:21:00,-0.061376698,0.082879949,-0.108932456,0.018774383,MEO,0.127971837,0.001324183,-0.033576246,-0.018680248,0.0192598815000004,0.07387170939027991,0,1
2025-09-09 00:31:00,0.015138865,0.052008424,-0.094498529,0.03367041,MEO,0.018774383,0.127971837,0.001324183,-0.033576246,0.0286235392500004,0.0697164693148992,0,1
2025-09-09 00:45:00,-0.014519066,0.060737919,-0.099629695,0.016220181,MEO,0.03367041,0.018774383,0.127971837,0.001324183,0.0454352032500004,0.05659001005663717,0,1
2025-09-09 00:51:00,-0.068383817,0.096658062,-0.136220684,0.016220151,MEO,0.016220181,0.03367041,0.018774383,0.127971837,0.0491592027500004,0.053102261229627724,0,1
2025-09-09 01:01:00,-0.058625311,0.055791996,-0.119239857,0.03367041,MEO,0.016220151,0.016220181,0.03367041,0.018774383,0.021221281250000397,0.008386306793495618,1,1
2025-09-09 01:11:00,-0.026879527,0.069938775,-0.113350419,-0.001230048,MEO,0.03367041,0.016220151,0.016220181,0.03367041,0.024945288000000395,0.010074903066462247,1,1
2025-09-09 02:19:00,-0.636121493,0.165005375,-0.688271763,0.081995666,MEO,-0.001230048,0.03367041,0.016220151,0.016220181,0.016220173500000396,0.014248052311826598,2,1
2025-09-09 02:21:00,-0.029576071,0.037743051,-0.031551957,0.028543929,MEO,0.081995666,-0.001230048,0.03367041,0.016220151,0.0326640447500004,0.03584146942166473,2,1
2025-09-09 02:31:00,-0.043833781,0.007338881,-0.075683584,-0.006356499,MEO,0.028543929,0.081995666,-0.001230048,0.03367041,0.0357449892500004,0.03445982021135188,2,1
2025-09-09 07:17:00,-0.671957055,-0.13543136,0.788631305,-0.066664939,MEO,-0.006356499,0.028543929,0.081995666,-0.001230048,0.025738262000000397,0.04053858532218882,7,1
2025-09-09 07:21:00,-0.027793797,-0.017494865,0.011779573,-0.011464963,MEO,-0.066664939,-0.006356499,0.028543929,0.081995666,0.009379539250000395,0.06237189877532571,7,1
2025-09-09 07:31:00,-0.067524446,0.046657521,0.056111248,-0.008910701,MEO,-0.011464963,-0.066664939,-0.006356499,0.028543929,-0.013985617999999604,0.03936339410809807,7,1
2025-09-09 07:41:00,-0.059895258,0.019597091,0.016548015,-0.008910731,MEO,-0.008910701,-0.011464963,-0.066664939,-0.006356499,-0.023349275499999603,0.0289523198526535,7,1
2025-09-09 07:51:00,-0.068491114,-0.006634057,0.082892074,-0.026360961,MEO,-0.008910731,-0.008910701,-0.011464963,-0.066664939,-0.023987833499999604,0.028476871102546545,7,1
2025-09-09 08:01:00,-0.091693243,-0.016479865,0.089440134,-0.008910701,MEO,-0.026360961,-0.008910731,-0.008910701,-0.011464963,-0.013911838999999603,0.008386304370616791,8,1
2025-09-09 08:11:00,-0.015437551,0.032966163,0.03892089,-0.008910731,MEO,-0.008910701,-0.026360961,-0.008910731,-0.008910701,-0.013273273499999603,0.008725124994985617,8,1
2025-09-09 08:21:00,-0.121701119,-0.068245493,0.170589936,-0.008910731,MEO,-0.008910731,-0.008910701,-0.026360961,-0.008910731,-0.013273280999999602,0.008725119994985616,8,1
2025-09-09 08:31:00,-0.074666684,-0.062196385,0.129781642,-0.008910731,MEO,-0.008910731,-0.008910731,-0.008910701,-0.026360961,-0.013273280999999602,0.008725119994985616,8,1
2025-09-09 08:41:00,-0.068207474,-0.079686783,0.123875941,-0.026360931,MEO,-0.008910731,-0.008910731,-0.008910731,-0.008910701,-0.008910723499999603,0.0,8,1
2025-09-09 08:51:00,-0.070588578,-0.105716322,0.164463204,-0.008910731,MEO,-0.026360931,-0.008910731,-0.008910731,-0.008910731,-0.013273280999999602,0.008725099994974143,8,1
2025-09-09 09:01:00,-0.139956217,-0.108001102,0.167015402,0.008539498,MEO,-0.008910731,-0.026360931,-0.008910731,-0.008910731,-0.013273280999999602,0.008725099994974143,9,1
2025-09-09 09:11:00,-0.071906816,-0.140865732,0.130012425,0.008539468,MEO,0.008539498,-0.008910731,-0.026360931,-0.008910731,-0.008910723749999601,0.014248040472628792,9,1
2025-09-09 09:21:00,-0.067492781,-0.169500746,0.15982517,0.008539498,MEO,0.008539468,0.008539498,-0.008910731,-0.026360931,-0.004548173999999602,0.01670730182440899,9,1
2025-09-09 09:31:00,-0.116816433,-0.176545456,0.131650861,-0.008910731,MEO,0.008539498,0.008539468,0.008539498,-0.008910731,0.004176933250000397,0.008725109494976454,9,1
2025-09-09 09:41:00,-0.037415668,-0.181619123,0.156894337,-0.008910701,MEO,-0.008910731,0.008539498,0.008539468,0.008539498,0.004176933250000398,0.008725109494976454,9,1
2025-09-09 09:51:00,-0.08473658,-0.156930279,0.099962475,0.025989698,MEO,-0.008910701,-0.008910731,0.008539498,0.008539468,-0.0001856164999996029,0.01007487708571896,9,1
2025-09-09 10:46:00,-0.299352111,-0.69893685,0.331300315,0.042697461,MEO,0.025989698,-0.008910701,-0.008910731,0.008539498,0.004176941000000397,0.0167073018244066,10,1
2025-09-09 10:51:00,-0.023785245,-0.110486342,0.043384634,-0.026360961,MEO,0.042697461,0.025989698,-0.008910701,-0.008910731,0.012716431750000397,0.025887633799235973,10,1
2025-09-09 11:01:00,-0.055009611,-0.078044552,-0.001801237,-0.023806699,MEO,-0.026360961,0.042697461,0.025989698,-0.008910701,0.008353874250000396,0.03158950023309271,11,1
2025-09-09 11:11:00,-0.065203913,-0.069992254,0.010225292,-0.006356499,MEO,-0.023806699,-0.026360961,0.042697461,0.025989698,0.004629874750000397,0.03499739894635742,11,1
2025-09-09 11:21:00,-0.092393743,-0.083031278,-0.013661429,-0.006356499,MEO,-0.006356499,-0.023806699,-0.026360961,0.042697461,-0.0034566744999996028,0.032027816258394654,11,1
2025-09-09 11:31:00,-0.038481459,-0.027932729,0.020779736,-0.006356499,MEO,-0.006356499,-0.006356499,-0.023806699,-0.026360961,-0.015720164499999602,0.010862397729519994,11,1
2025-09-09 11:41:00,-0.004810769,-0.092135196,0.05240944,-0.02123448,MEO,-0.006356499,-0.006356499,-0.006356499,-0.023806699,-0.010719048999999602,0.008725099994972804,11,1
2025-09-03 10:21:00,-0.085093127,0.038818173,0.082895838,-0.006356499,MEO,-0.02123448,-0.006356499,-0.006356499,-0.006356499,-0.010075994249999602,0.007438990494103267,10,2
2025-09-03 10:31:00,-0.098011992,0.039264336,0.114348378,0.01109373,MEO,-0.006356499,-0.02123448,-0.006356499,-0.006356499,-0.010075994249999602,0.007438990494103267,10,2
2025-09-03 10:41:00,-0.107813045,0.054687735,0.132517305,-0.006356499,MEO,0.01109373,-0.006356499,-0.02123448,-0.006356499,-0.005713436999999601,0.01321880851390815,10,2
2025-09-03 10:51:00,-0.06251346,0.02046125,0.072510837,-0.006356499,MEO,-0.006356499,0.01109373,-0.006356499,-0.02123448,-0.005713436999999603,0.01321880851390815,10,2
2025-09-03 12:01:00,-0.099226913,-0.029361427,0.093226715,-0.006356499,MEO,-0.006356499,-0.006356499,0.01109373,-0.006356499,-0.0019939417499996027,0.008725114494968237,12,2
2025-09-03 12:11:00,-0.047000158,-0.011954684,0.122662981,0.01109373,MEO,-0.006356499,-0.006356499,-0.006356499,0.01109373,-0.0019939417499996027,0.008725114494968237,12,2
2025-09-03 13:21:00,-0.260877719,-0.091754563,0.16027372,0.023435466,MEO,0.01109373,-0.006356499,-0.006356499,-0.006356499,-0.0019939417499996023,0.008725114494968237,13,2
2025-09-03 13:31:00,0.034080828,-0.087099403,0.105749086,-0.014019165,MEO,0.023435466,0.01109373,-0.006356499,-0.006356499,0.005454049500000397,0.014538631835752134,13,2
2025-09-03 13:41:00,-0.166154541,-0.051300939,0.06385389,0.023435466,MEO,-0.014019165,0.023435466,0.01109373,-0.006356499,0.0035383830000003964,0.016922897323862308,13,2
2025-09-03 13:51:00,-0.196628107,-0.07414658,0.065460388,-0.011464963,MEO,0.023435466,-0.014019165,0.023435466,0.01109373,0.010986374250000396,0.017656427431924162,13,2
2025-09-03 14:01:00,-0.165072372,-0.045122795,0.02148753,-0.011464963,MEO,-0.011464963,0.023435466,-0.014019165,0.023435466,0.005346701000000398,0.020913119092774313,14,2
2025-09-03 15:31:00,-0.159982871,-0.08785478,-0.057381164,-0.046365422,MEO,-0.011464963,-0.011464963,0.023435466,-0.014019165,-0.003378406249999603,0.017916419765991055,15,2
2025-09-03 15:41:00,-0.166797161,-0.088235419,-0.064707786,-0.028915162,MEO,-0.046365422,-0.011464963,-0.011464963,0.023435466,-0.011464970499999604,0.028496093197321753,15,2
2025-09-04 17:51:00,-0.145059071,0.132950215,0.067882702,-0.008910731,MEO,-0.028915162,-0.046365422,-0.011464963,-0.011464963,-0.024552627499999605,0.016707320102570252,17,3
2025-09-04 18:01:00,-0.211467613,0.106881801,0.098722767,-0.026360931,MEO,-0.008910731,-0.028915162,-0.046365422,-0.011464963,-0.023914069499999604,0.01740837512811887,18,3
2025-09-04 20:41:00,-0.187609674,0.112088744,-0.189741187,-0.02123451,MEO,-0.026360931,-0.008910731,-0.028915162,-0.046365422,-0.027638061499999603,0.015326327965210815,20,3
2025-09-04 22:01:00,-0.137998149,0.037673879,-0.184002347,0.038778844,MEO,-0.02123451,-0.026360931,-0.008910731,-0.028915162,-0.021355333499999605,0.008889877065510953,22,3
2025-09-04 22:11:00,-0.191218025,0.019640166,-0.242282348,0.036224642,MEO,0.038778844,-0.02123451,-0.026360931,-0.008910731,-0.004431831999999605,0.02972338264335176,22,3
2025-09-04 23:31:00,-0.12898493,-0.07481128,-0.131789273,-0.00378428,MEO,0.036224642,0.038778844,-0.02123451,-0.026360931,0.006852011250000395,0.03546841926365481,23,3
2025-09-04 23:41:00,-0.149323838,-0.086206459,-0.172971306,0.013665949,MEO,-0.00378428,0.036224642,0.038778844,-0.02123451,0.012496174000000394,0.029758086639019004,23,3
2025-09-04 23:51:00,-0.244710792,-0.122379158,-0.167883614,0.013665919,MEO,0.013665949,-0.00378428,0.036224642,0.038778844,0.021221288750000396,0.020130656406634664,23,3
2025-09-06 01:01:00,0.013908878,0.134659275,-0.067289431,0.003878415,MEO,0.013665919,0.013665949,-0.00378428,0.036224642,0.014943057500000396,0.016400011151161065,1,5
2025-09-06 01:11:00,0.019546565,0.06171583,-0.067408971,0.021328644,MEO,0.003878415,0.013665919,0.013665949,-0.00378428,0.006856500750000396,0.00846230803451649,1,5
2025-09-06 01:21:00,0.059832983,0.056043431,-0.039315034,0.018774413,MEO,0.021328644,0.003878415,0.013665919,0.013665949,0.013134731750000395,0.007150383419427267,1,5
2025-09-06 01:31:00,0.011891365,0.078088701,-0.076481938,0.036224612,MEO,0.018774413,0.021328644,0.003878415,0.013665919,0.014411847750000397,0.007711110185083731,1,5
2025-09-06 02:51:00,-0.0344739,0.048375752,-0.103029653,-0.008910731,MEO,0.036224612,0.018774413,0.021328644,0.003878415,0.020051521000000398,0.01324638665093606,2,5
2025-09-06 03:01:00,0.019743845,0.017248999,-0.057545797,-0.008910731,MEO,-0.008910731,0.036224612,0.018774413,0.021328644,0.016854234500000398,0.018821551452969345,3,5
2025-09-06 03:11:00,-0.111109197,0.096914606,-0.133015411,-0.008910731,MEO,-0.008910731,-0.008910731,0.036224612,0.018774413,0.009294390750000395,0.022195799557839527,3,5
2025-09-06 03:21:00,0.000614561,-0.004636142,-0.066873027,-0.008910731,MEO,-0.008910731,-0.008910731,-0.008910731,0.036224612,0.0023731047500003964,0.02256767149805374,3,5
2025-09-06 03:31:00,0.02598948,0.046965871,-0.054773212,0.008539498,MEO,-0.008910731,-0.008910731,-0.008910731,-0.008910731,-0.008910731,0.0,3,5
2025-09-06 03:41:00,-0.088868253,0.112274762,-0.12737477,0.025989728,MEO,0.008539498,-0.008910731,-0.008910731,-0.008910731,-0.004548173749999605,0.00872511449496958,3,5
2025-09-06 03:51:00,-0.059354763,0.051837355,-0.106131578,0.005985237,MEO,0.025989728,0.008539498,-0.008910731,-0.008910731,0.004176941000000395,0.016707322713720486,3,5
2025-09-06 04:01:00,-0.160149522,0.103794303,-0.162567098,0.020881264,MEO,0.005985237,0.025989728,0.008539498,-0.008910731,0.007900933000000394,0.01430517630278023,4,5
2025-09-06 10:11:00,-0.090801383,0.010562062,0.111598736,0.028543929,MEO,0.020881264,0.005985237,0.025989728,0.008539498,0.015348931750000395,0.009624282000255571,10,5
2025-09-06 10:21:00,-0.074041625,0.012991324,0.054791288,0.008539498,MEO,0.028543929,0.020881264,0.005985237,0.025989728,0.020350039500000396,0.01009249988167156,10,5
2025-09-06 10:31:00,-0.092052122,-0.030021388,0.092020241,-0.008910731,MEO,0.008539498,0.028543929,0.020881264,0.005985237,0.015987482000000393,0.010600799246089984,10,5
2025-09-06 10:41:00,-0.171241526,-0.113054205,0.219488008,-0.028915192,MEO,-0.008910731,0.008539498,0.028543929,0.020881264,0.012263490000000394,0.016345585274082374,10,5
2025-09-06 10:51:00,-0.082829826,-0.063609958,0.077884307,-0.026360931,MEO,-0.028915192,-0.008910731,0.008539498,0.028543929,-0.0001856239999996059,0.024515508961059057,10,5
2025-09-06 12:21:00,-0.064752941,-0.057521988,0.034512933,0.01109373,MEO,-0.026360931,-0.028915192,-0.008910731,0.008539498,-0.013911838999999607,0.01740837065819407,12,5
2025-09-06 12:31:00,-0.238354216,-0.13660996,0.017611094,0.028543959,MEO,0.01109373,-0.026360931,-0.028915192,-0.008910731,-0.013273280999999608,0.018517910515389646,12,5
2025-09-06 12:41:00,-0.119778709,-0.178298321,0.089388903,-0.006356499,MEO,0.028543959,0.01109373,-0.026360931,-0.028915192,-0.003909608499999606,0.028329462270068793,12,5
2025-09-06 12:51:00,-0.161650727,-0.141935518,-0.016236544,-0.006356499,MEO,-0.006356499,0.028543959,0.01109373,-0.026360931,0.0017300647500003937,0.023531253734909347,12,5
2025-09-07 13:41:00,-0.036200721,0.092313632,0.133444638,-0.026360961,MEO,-0.006356499,-0.006356499,0.028543959,0.01109373,0.006731172750000394,0.01670732227852565,13,6
2025-09-07 13:51:00,-0.08211185,0.074631248,0.103968316,-0.026360931,MEO,-0.026360961,-0.006356499,-0.006356499,0.028543959,-0.0026324999999996056,0.022823582789502368,13,6
2025-09-07 14:01:00,-0.067845948,0.076898634,0.1039284,-0.006356499,MEO,-0.026360931,-0.026360961,-0.006356499,-0.006356499,-0.016358722499999607,0.011549572856650541,14,6
2025-09-07 14:11:00,-0.041462287,0.051013362,0.137734718,0.01109373,MEO,-0.006356499,-0.026360931,-0.026360961,-0.006356499,-0.016358722499999607,0.011549572856650541,14,6
2025-09-07 14:21:00,-0.087296899,0.042560622,0.165440805,-0.006356499,MEO,0.01109373,-0.006356499,-0.026360931,-0.026360961,-0.011996165249999606,0.018052173920757312,14,6
2025-09-07 14:31:00,-0.130934495,0.093202226,0.225417065,-0.006356499,MEO,-0.006356499,0.01109373,-0.006356499,-0.026360931,-0.006995049749999606,0.015308568442656378,14,6
2025-09-07 14:41:00,-0.153532878,0.063890276,0.161266778,-0.00378428,MEO,-0.006356499,-0.006356499,0.01109373,-0.006356499,-0.001993941749999606,0.008725114494968253,14,6
2025-09-07 14:51:00,-0.137262445,0.093835443,0.132474352,-0.00635647,MEO,-0.00378428,-0.006356499,-0.006356499,0.01109373,-0.0013508869999996063,0.008384553188150875,14,6
2025-09-07 15:01:00,-0.144461568,0.122471364,0.143217292,-0.006356499,MEO,-0.00635647,-0.00378428,-0.006356499,-0.006356499,-0.005713436999999606,0.0012861046326164392,15,6
2025-09-07 15:11:00,-0.148846943,0.04637997,0.151511321,0.01109373,MEO,-0.006356499,-0.00635647,-0.00378428,-0.006356499,-0.005713436999999606,0.0012861046326164392,15,6
2025-09-07 15:21:00,-0.230035815,0.106927201,0.18373343,0.0110937,MEO,0.01109373,-0.006356499,-0.00635647,-0.00378428,-0.0013508797499996068,0.008384547417122518,15,6
2025-09-07 15:31:00,-0.190977547,0.07539133,0.118275603,0.008539498,MEO,0.0110937,0.01109373,-0.006356499,-0.00635647,0.002368615250000393,0.010074877374392468,15,6
2025-09-07 15:41:00,-0.182637148,0.058358487,0.136019353,0.025989698,MEO,0.008539498,0.0110937,0.01109373,-0.006356499,0.0060926072500003935,0.008386291948913972,15,6
2025-09-07 17:31:00,-0.1636406,0.072720733,0.025637303,0.025989728,MEO,0.025989698,0.008539498,0.0110937,0.01109373,0.014179156500000394,0.007965227277700675,17,6
2025-09-07 17:41:00,-0.208675927,0.07556681,-0.029935218,-0.011464963,MEO,0.025989728,0.025989698,0.008539498,0.0110937,0.017903156000000395,0.009395594537191135,17,6
2025-09-07 19:01:00,-0.244238015,0.052564673,-0.148898173,0.008539498,MEO,-0.011464963,0.025989728,0.025989698,0.008539498,0.012263490250000394,0.017829993397057806,19,6
2025-09-07 20:11:00,-0.206648063,-0.001829769,-0.239932971,0.048566378,MEO,0.008539498,-0.011464963,0.025989728,0.025989698,0.012263490250000394,0.017829993397057806,20,6
2025-09-07 20:21:00,-0.142795103,-0.015222982,-0.220833858,0.048566378,MEO,0.048566378,0.008539498,-0.011464963,0.025989728,0.017907660250000394,0.025532921581457407,20,6
2025-09-07 20:31:00,-0.08177105,-0.037739679,-0.098174774,0.01109373,MEO,0.048566378,0.048566378,0.008539498,-0.011464963,0.023551822750000395,0.03001666829783832,20,6
2025-09-07 20:41:00,-0.154241551,-0.017986298,-0.243364867,0.01109373,MEO,0.01109373,0.048566378,0.048566378,0.008539498,0.029191496000000396,0.02239647487400892,20,6
2025-09-07 20:51:00,-0.130916173,-0.060018655,-0.228665477,0.028543929,MEO,0.01109373,0.01109373,0.048566378,0.048566378,0.029830054000000394,0.021634843408012125,20,6
2025-09-07 21:01:00,-0.163236763,-0.083755936,-0.245010105,-0.00635647,MEO,0.028543929,0.01109373,0.01109373,0.048566378,0.02482444175000039,0.017837965246079338,21,6
2025-09-07 21:11:00,-0.052220766,-0.044118311,-0.118435729,0.025989698,MEO,-0.00635647,0.028543929,0.01109373,0.01109373,0.011093729750000393,0.014248028225171216,21,6
2025-09-07 21:21:00,-0.114157105,-0.082726426,-0.212642066,0.008539498,MEO,0.025989698,-0.00635647,0.028543929,0.01109373,0.014817721750000392,0.016077275156324188,21,6
2025-09-07 21:31:00,-0.02066721,-0.049403172,-0.150673048,0.025989698,MEO,0.008539498,0.025989698,-0.00635647,0.028543929,0.014179163750000393,0.016323329756109138,21,6
2025-09-07 21:41:00,-0.186244344,-0.136665341,-0.182066269,0.005985266,MEO,0.025989698,0.008539498,0.025989698,-0.00635647,0.013540606000000392,0.015608379133898209,21,6
2025-09-07 21:51:00,-0.123883415,-0.14812921,-0.164790332,-0.011464963,MEO,0.005985266,0.025989698,0.008539498,0.025989698,0.016626040000000394,0.010862387933519997,21,6
2025-09-08 22:31:00,0.029121075,0.032545315,0.016111329,0.016220181,MEO,-0.011464963,0.005985266,0.025989698,0.008539498,0.007262374750000393,0.015326315773900279,22,0
2025-09-08 22:41:00,-0.038042733,0.146215316,-0.056968082,-0.018680278,MEO,0.016220181,-0.011464963,0.005985266,0.025989698,0.009182545500000394,0.01600573742739446,22,0
2025-09-08 22:51:00,0.008932024,0.185868256,-0.108087491,-0.018680248,MEO,-0.018680278,0.016220181,-0.011464963,0.005985266,-0.0019849484999996062,0.015953638676470695,22,0
2025-09-08 23:01:00,0.00496231,0.068845915,-0.106956288,-0.033576246,MEO,-0.018680248,-0.018680278,0.016220181,-0.011464963,-0.008151326999999606,0.01659987522097636,23,0
2025-09-09 00:21:00,-0.061376698,0.082879949,-0.108932456,0.018774383,MEO,-0.033576246,-0.018680248,-0.018680278,0.016220181,-0.013679147749999607,0.02113359636294502,0,1
2025-09-09 00:31:00,0.015138865,0.052008424,-0.094498529,0.03367041,MEO,0.018774383,-0.033576246,-0.018680248,-0.018680278,-0.013040597249999605,0.022342168629238966,0,1
2025-09-09 00:45:00,-0.014519066,0.060737919,-0.099629695,0.016220181,MEO,0.03367041,0.018774383,-0.033576246,-0.018680248,4.70747500003945e-05,0.031424412288330796,0,1
2025-09-09 00:51:00,-0.068383817,0.096658062,-0.136220684,0.016220151,MEO,0.016220181,0.03367041,0.018774383,-0.033576246,0.008772182000000395,0.029262193044358217,0,1
2025-09-09 01:01:00,-0.058625311,0.055791996,-0.119239857,0.03367041,MEO,0.016220151,0.016220181,0.03367041,0.018774383,0.02122128125000039,0.00838630679349564,1,1
2025-09-09 02:21:00,-0.029576071,0.037743051,-0.031551957,0.028543929,MEO,0.03367041,0.016220151,0.016220181,0.03367041,0.02494528800000039,0.010074903066462271,2,1
2025-09-09 02:31:00,-0.043833781,0.007338881,-0.075683584,-0.006356499,MEO,0.028543929,0.03367041,0.016220151,0.016220181,0.023663667750000394,0.008846153150136779,2,1
2025-09-09 07:21:00,-0.027793797,-0.017494865,0.011779573,-0.011464963,MEO,-0.006356499,0.028543929,0.03367041,0.016220151,0.018019497750000394,0.017824529665715905,7,1
2025-09-09 07:31:00,-0.067524446,0.046657521,0.056111248,-0.008910701,MEO,-0.011464963,-0.006356499,0.028543929,0.03367041,0.011098219250000393,0.02329249497231139,7,1
2025-09-09 07:41:00,-0.059895258,0.019597091,0.016548015,-0.008910731,MEO,-0.008910701,-0.011464963,-0.006356499,0.028543929,0.0004529415000003936,0.018843091633484143,7,1
2025-09-09 07:51:00,-0.068491114,-0.006634057,0.082892074,-0.026360961,MEO,-0.008910731,-0.008910701,-0.011464963,-0.006356499,-0.008910723499999607,0.0020855216739141084,7,1
2025-09-09 08:01:00,-0.091693243,-0.016479865,0.089440134,-0.008910701,MEO,-0.026360961,-0.008910731,-0.008910701,-0.011464963,-0.013911838999999605,0.008386304370616781,8,1
2025-09-09 08:11:00,-0.015437551,0.032966163,0.03892089,-0.008910731,MEO,-0.008910701,-0.026360961,-0.008910731,-0.008910701,-0.013273273499999605,0.00872512499498561,8,1
2025-09-09 08:21:00,-0.121701119,-0.068245493,0.170589936,-0.008910731,MEO,-0.008910731,-0.008910701,-0.026360961,-0.008910731,-0.013273280999999604,0.008725119994985606,8,1
2025-09-09 08:31:00,-0.074666684,-0.062196385,0.129781642,-0.008910731,MEO,-0.008910731,-0.008910731,-0.008910701,-0.026360961,-0.013273280999999606,0.008725119994985606,8,1
2025-09-09 08:41:00,-0.068207474,-0.079686783,0.123875941,-0.026360931,MEO,-0.008910731,-0.008910731,-0.008910731,-0.008910701,-0.008910723499999607,0.0,8,1
2025-09-09 08:51:00,-0.070588578,-0.105716322,0.164463204,-0.008910731,MEO,-0.026360931,-0.008910731,-0.008910731,-0.008910731,-0.013273280999999606,0.008725099994974134,8,1
2025-09-09 09:01:00,-0.139956217,-0.108001102,0.167015402,0.008539498,MEO,-0.008910731,-0.026360931,-0.008910731,-0.008910731,-0.013273280999999606,0.008725099994974134,9,1
2025-09-09 09:11:00,-0.071906816,-0.140865732,0.130012425,0.008539468,MEO,0.008539498,-0.008910731,-0.026360931,-0.008910731,-0.008910723749999605,0.014248040472628792,9,1
2025-09-09 09:21:00,-0.067492781,-0.169500746,0.15982517,0.008539498,MEO,0.008539468,0.008539498,-0.008910731,-0.026360931,-0.004548173999999606,0.016707301824408993,9,1
2025-09-09 09:31:00,-0.116816433,-0.176545456,0.131650861,-0.008910731,MEO,0.008539498,0.008539468,0.008539498,-0.008910731,0.0041769332500003935,0.008725109494976475,9,1
2025-09-09 09:41:00,-0.037415668,-0.181619123,0.156894337,-0.008910701,MEO,-0.008910731,0.008539498,0.008539468,0.008539498,0.004176933250000394,0.008725109494976475,9,1
2025-09-09 10:51:00,-0.023785245,-0.110486342,0.043384634,-0.026360961,MEO,-0.008910701,-0.008910731,0.008539498,0.008539468,-0.00018561649999960638,0.010074877085718971,10,1
2025-09-09 11:01:00,-0.055009611,-0.078044552,-0.001801237,-0.023806699,MEO,-0.026360961,-0.008910701,-0.008910731,0.008539498,-0.008910723749999606,0.014248052720083122,11,1
2025-09-09 11:11:00,-0.065203913,-0.069992254,0.010225292,-0.006356499,MEO,-0.023806699,-0.026360961,-0.008910701,-0.008910731,-0.016997272999999605,0.00939559725574986,11,1
2025-09-09 11:21:00,-0.092393743,-0.083031278,-0.013661429,-0.006356499,MEO,-0.006356499,-0.023806699,-0.026360961,-0.008910701,-0.016358714999999607,0.010182249717041932,11,1
2025-09-09 11:31:00,-0.038481459,-0.027932729,0.020779736,-0.006356499,MEO,-0.006356499,-0.006356499,-0.023806699,-0.026360961,-0.015720164499999606,0.010862397729519989,11,1
2025-09-09 11:41:00,-0.004810769,-0.092135196,0.05240944,-0.02123448,MEO,-0.006356499,-0.006356499,-0.006356499,-0.023806699,-0.010719048999999606,0.008725099994972804,11,1
